"firstname","freq","gender","probability","count","guess"
"aaron",18,"male","1",2299,"no"
"abbas",1,"male","1",113,"no"
"abby",1,"female","0.98",556,"no"
"abdelmoneim",4,"male",NA,NA,"yes"
"abdollah",1,"male",NA,NA,"yes"
"abdolreza",1,"male",NA,NA,"yes"
"abhilash",1,"male","1",33,"no"
"abhishek",1,"male","1",308,"no"
"abiel",1,"male","1",5,"no"
"ac",3,"male","0.73",26,"no"
"achiepo",1,"male",NA,NA,"yes"
"achim",20,"male","1",4,"no"
"adam",16,"male","1",3963,"no"
"adelchi",2,"male",NA,NA,"yes"
"adelino",4,"male","1",9,"no"
"adrian",16,"male","0.97",1515,"no"
"adriano",2,"male","0.99",166,"no"
"adrien",2,"male","0.98",241,"no"
"agner",1,"male",NA,NA,"yes"
"agnes",1,"female","1",469,"no"
"agnieszka",1,"female","1",218,"no"
"agustin",1,"male","0.99",349,"no"
"ahmad",1,"male","0.99",908,"no"
"ahmid",1,"male","1",2,"no"
"aida",1,"female","0.99",304,"no"
"aimee",2,"female","1",621,"no"
"ainhoa",1,"female","1",77,"no"
"aiora",1,"female",NA,NA,"yes"
"aishat",1,"female","1",4,"no"
"aitor",1,"male","1",71,"no"
"ajith",1,"male","1",33,"no"
"akash",1,"male","1",84,"no"
"akio",1,"male","1",3,"no"
"al",3,"male","0.94",563,"no"
"alain",1,"male","1",482,"no"
"alan",14,"male","1",2079,"no"
"alasdair",1,"male","1",20,"no"
"alastair",1,"male","1",90,"no"
"alathea",1,"female",NA,NA,"yes"
"alba",1,"female","0.99",360,"no"
"albart",2,"male","1",1,"no"
"alber",1,"male","0.93",14,"no"
"albert",4,"male","0.99",723,"no"
"alberto",20,"male","1",1530,"no"
"alboukadel",2,"male",NA,NA,"yes"
"albrecht",5,"male","1",4,"no"
"aldo",4,"male","1",275,"no"
"alec",3,"male","0.97",188,"no"
"alejandro",6,"male","1",1951,"no"
"aleksander",2,"male","1",94,"no"
"aleksandra",1,"female","0.99",238,"no"
"aleksey",1,"male","1",18,"no"
"alencar",3,"male","1",1,"no"
"ales",1,"male","0.98",43,"no"
"alessandra",4,"female","1",669,"no"
"alessandro",14,"male","1",1025,"no"
"alessia",1,"female","1",306,"no"
"alessio",3,"male","1",326,"no"
"alex",28,"male","0.87",5856,"no"
"alexander",35,"male","1",1645,"no"
"alexandra",2,"female","1",1723,"no"
"alexandre",12,"male","1",903,"no"
"alexandros",1,"male","1",79,"no"
"alexey",2,"male","1",45,"no"
"alexios",5,"male",NA,NA,"yes"
"alexis",9,"male","0.52",1224,"no"
"alfonso",1,"male","1",420,"no"
"alfred",1,"male","1",230,"no"
"alfredo",1,"male","1",687,"no"
"ali",4,"male","0.85",3351,"no"
"alice",3,"female","1",1414,"no"
"alicja",2,"female","1",33,"no"
"alina",1,"female","0.98",299,"no"
"alireza",12,"male","1",90,"no"
"allan",1,"male","1",590,"no"
"allen",2,"male","0.99",561,"no"
"allison",1,"female","1",1033,"no"
"alrik",1,"male",NA,NA,"yes"
"alysha",2,"female","1",42,"no"
"amanda",1,"female","1",4907,"no"
"amaury",2,"male","0.99",71,"no"
"amelie",1,"female","0.99",380,"no"
"amir",1,"male","1",508,"no"
"amirhossein",1,"male","1",3,"no"
"amit",1,"male","0.99",479,"no"
"amy",1,"female","0.99",4334,"no"
"ana",6,"female","0.99",3621,"no"
"anabel",1,"female","0.99",146,"no"
"ananda",1,"female","0.76",42,"no"
"anders",3,"male","1",603,"no"
"anderson",2,"male","0.99",197,"no"
"ando",1,"male","0.67",9,"no"
"andras",1,"male","0.94",34,"no"
"andre",3,"male","0.95",1210,"no"
"andrea",8,"female","0.79",5812,"no"
"andreas",33,"male","1",1021,"no"
"andrei",1,"male","0.99",168,"no"
"andrej",3,"male","0.99",84,"no"
"andres",3,"male","1",2096,"no"
"andrew",45,"male","1",5168,"no"
"andrey",6,"male","0.99",147,"no"
"andri",1,"male","0.91",70,"no"
"andrie",7,"male","0.88",8,"no"
"andrzej",4,"male","0.98",50,"no"
"andy",11,"male","0.95",3139,"no"
"anestis",3,"male","1",4,"no"
"angel",1,"male","0.61",1668,"no"
"angela",1,"female","1",3511,"no"
"angelo",5,"male","1",539,"no"
"angelos",3,"male","1",23,"no"
"angi",1,"female","1",45,"no"
"anhui",3,"female","1",1,"no"
"aniko",2,"female","1",29,"no"
"aniruddha",1,"male","1",13,"no"
"anita",1,"female","1",1519,"no"
"anja",3,"female","1",398,"no"
"ankur",1,"male","1",156,"no"
"anna",6,"female","1",4755,"no"
"anne",10,"female","1",2461,"no"
"annegret",2,"female","1",3,"no"
"annette",1,"female","1",639,"no"
"annie",7,"female","1",1120,"no"
"anoop",1,"male","1",44,"no"
"anthony",5,"male","1",3029,"no"
"antoine",11,"male","1",411,"no"
"anton",7,"male","1",537,"no"
"antonio",20,"male","1",2290,"no"
"antony",3,"male","1",249,"no"
"anup",6,"male","0.99",95,"no"
"ao",2,"female","0.83",6,"no"
"arash",1,"male","1",57,"no"
"arend",2,"male","1",5,"no"
"ari",9,"male","0.76",308,"no"
"ariane",1,"female","1",136,"no"
"arie",1,"male","0.86",64,"no"
"aris",1,"male","0.89",100,"no"
"aristidis",2,"male","1",2,"no"
"arjun",1,"male","1",95,"no"
"armin",1,"male","0.99",131,"no"
"arnaud",2,"male","0.99",375,"no"
"arne",13,"male","0.99",112,"no"
"arni",4,"female","0.74",19,"no"
"arno",4,"male","1",67,"no"
"aron",3,"male","0.84",81,"no"
"arsalane",2,"male",NA,NA,"yes"
"artem",2,"male","1",27,"no"
"arthur",6,"male","0.98",547,"no"
"arto",1,"male","1",26,"no"
"artur",5,"male","0.98",117,"no"
"arturas",1,"male","1",6,"no"
"arun",1,"male","1",330,"no"
"arvid",1,"male","1",13,"no"
"asad",4,"male","1",57,"no"
"asger",1,"male","1",4,"no"
"ashis",1,"male","1",4,"no"
"ashley",1,"female","0.9",3897,"no"
"ashwini",1,"female","0.57",42,"no"
"asma",1,"female","1",167,"no"
"assaf",1,"male","1",6,"no"
"astrid",1,"female","1",365,"no"
"asun",1,"female","1",11,"no"
"atsushi",3,"male","1",13,"no"
"attilio",1,"male","1",23,"no"
"audrey",2,"female","1",1057,"no"
"augustin",3,"male","0.96",24,"no"
"aur",5,"male","1",2,"no"
"aurélie",4,"female","1",643,"no"
"aurelie",4,"female","1",643,"no"
"aurelien",2,"male","1",179,"no"
"aurora",2,"female","0.99",224,"no"
"ava",1,"female","0.99",92,"no"
"avner",1,"male","1",4,"no"
"avraham",3,"male","1",12,"no"
"axel",5,"male","0.98",284,"no"
"ayala",1,"female","1",8,"no"
"aydin",4,"male","0.98",48,"no"
"aykut",1,"male","1",162,"no"
"azade",1,"female","1",2,"no"
"babak",2,"male","1",53,"no"
"baidya",1,"male","1",1,"no"
"balasubramanian",7,"male","1",3,"no"
"baljinder",1,"male","1",1,"no"
"bangyou",1,"male","1",NA,"yes"
"bao",1,"male","0.81",47,"no"
"baosheng",1,"male",NA,NA,"yes"
"baptiste",6,"male","0.99",96,"no"
"barak",1,"male","1",11,"no"
"barb",1,"female","1",409,"no"
"barbara",1,"female","1",2843,"no"
"barret",2,"male","1",3,"no"
"barry",2,"male","0.98",635,"no"
"bart",7,"male","0.99",242,"no"
"bastiaan",7,"male","1",6,"no"
"bastian",3,"male","0.98",66,"no"
"bastien",1,"male","1",97,"no"
"bear",1,"male","0.7",30,"no"
"beata",1,"female","1",152,"no"
"beatriz",4,"female","1",829,"no"
"beau",1,"male","0.89",114,"no"
"ben",22,"male","0.99",3363,"no"
"bendix",2,"male",NA,NA,"yes"
"benedetta",1,"female","1",79,"no"
"benedicte",1,"female","1",111,"no"
"benjamin",36,"male","1",1475,"no"
"benoit",5,"male","1",389,"no"
"bent",2,"male","0.73",33,"no"
"berat",1,"male","1",49,"no"
"bereket",1,"male","1",2,"no"
"berend",2,"male","1",6,"no"
"berkley",4,"female","1",3,"no"
"bernard",2,"male","1",397,"no"
"bernd",7,"male","1",34,"no"
"bernhard",10,"male","1",47,"no"
"berry",1,"male","0.59",22,"no"
"bert",1,"male","0.96",135,"no"
"bertram",1,"male","1",5,"no"
"bertrand",3,"male","0.97",117,"no"
"berwin",5,"male",NA,NA,"yes"
"bethany",2,"female","1",473,"no"
"bettina",4,"female","1",156,"no"
"betul",1,"female","0.98",151,"no"
"bibhas",1,"male",NA,NA,"yes"
"bill",16,"male","1",1812,"no"
"billy",5,"male","0.98",913,"no"
"bin",10,"male","0.89",37,"no"
"binayak",1,"male",NA,NA,"yes"
"binbin",2,"male","1",2,"no"
"bingpei",2,"female","0.6",NA,"yes"
"bingyuan",1,"male","0.6",NA,"yes"
"binhuan",1,"male","0.6",NA,"yes"
"birgit",1,"female","1",128,"no"
"birk",2,"male",NA,NA,"yes"
"bj",4,"male","0.78",121,"no"
"bjoern",8,"male","1",14,"no"
"bjorn",2,"male","1",248,"no"
"blake",1,"male","0.96",448,"no"
"blanca",1,"female","1",360,"no"
"blum",2,"male",NA,NA,"yes"
"bo",5,"male","0.84",230,"no"
"bob",14,"male","0.98",1593,"no"
"bogdan",1,"male","1",88,"no"
"bojan",1,"male",NA,NA,"yes"
"boris",4,"male","1",288,"no"
"borja",1,"male","1",81,"no"
"boxian",1,"male","1",1,"no"
"boxiang",3,"male","0.8",NA,"yes"
"boxuan",1,"male","0.6",NA,"yes"
"bozidar",1,"male","1",6,"no"
"brad",4,"male","0.99",1286,"no"
"bradley",5,"male","1",394,"no"
"brady",1,"male","0.97",112,"no"
"brahim",1,"male","1",73,"no"
"brandon",12,"male","1",1869,"no"
"brantly",1,NA,NA,NA,"yes"
"brecht",2,"male","1",8,"no"
"brendan",4,"male","1",517,"no"
"brenton",3,"male","1",58,"no"
"brett",2,"male","0.99",976,"no"
"brian",42,"male","1",4600,"no"
"brice",1,"male","1",108,"no"
"brigitte",2,"female","0.99",321,"no"
"brooke",1,"female","0.99",709,"no"
"bruno",6,"male","1",926,"no"
"bryan",9,"male","1",1311,"no"
"byeong",1,"male",NA,NA,"yes"
"byoungnam",1,"male",NA,NA,"yes"
"caleb",1,"male","0.99",354,"no"
"calli",1,"female","1",9,"no"
"camille",1,"female","0.94",663,"no"
"camilo",1,"male","0.99",422,"no"
"campo",3,"male","1",6,"no"
"caner",1,"male","0.99",101,"no"
"canhong",2,"female","0.6",NA,"yes"
"carel",1,"male","1",15,"no"
"carl",13,"male","1",929,"no"
"carla",2,"female","1",1583,"no"
"carlisle",1,"male","1",2,"no"
"carlo",1,"male","0.99",423,"no"
"carlos",12,"male","1",5149,"no"
"carson",4,"male","0.81",83,"no"
"carsten",2,"male","1",119,"no"
"carter",6,"male","0.92",102,"no"
"casey",1,"female","0.56",778,"no"
"cassio",2,"male","1",24,"no"
"catharina",1,"female","1",34,"no"
"catherine",4,"female","1",2383,"no"
"cecile",3,"female","1",433,"no"
"cedric",4,"male","1",499,"no"
"celine",2,"female","1",878,"no"
"cengiz",3,"male","0.99",153,"no"
"cenny",1,"female","1",2,"no"
"chaitanya",2,"male","0.9",30,"no"
"changjiang",1,"male","0.6",NA,"yes"
"changyou",2,"male","0.8",NA,"yes"
"chantal",1,"female","1",473,"no"
"chao",5,"male","0.81",16,"no"
"char",2,"female","0.92",89,"no"
"charles",33,"male","1",1798,"no"
"charlie",3,"male","0.79",1131,"no"
"charlotte",1,"female","1",1926,"no"
"chay",1,"male","0.85",13,"no"
"chayan",1,"male","1",4,"no"
"chel",3,"female","1",15,"no"
"chen",2,"male","0.57",239,"no"
"cheng",4,"female","0.57",84,"no"
"chengchun",1,"male","0.6",NA,"yes"
"chengfeng",1,"male","0.8",NA,"yes"
"chenliang",1,"male","0.8",NA,"yes"
"cherise",1,"female","0.97",37,"no"
"chi",2,"female","0.55",86,"no"
"chiara",1,"female","0.99",556,"no"
"chih",1,"female","0.57",7,"no"
"chin",1,"male","0.53",64,"no"
"ching",1,"female","0.87",54,"no"
"chloe",1,"female","1",945,"no"
"chong",6,"male","0.62",97,"no"
"chris",19,"male","0.93",8631,"no"
"christian",38,"male","0.99",2548,"no"
"christiana",3,"female","0.98",46,"no"
"christiane",1,"female","1",132,"no"
"christina",6,"female","1",2400,"no"
"christine",3,"female","1",3115,"no"
"christof",2,"male","1",33,"no"
"christofer",3,"male","1",17,"no"
"christoffer",2,"male","1",124,"no"
"christoforos",1,"male","1",59,"no"
"christoph",16,"male","1",192,"no"
"christophe",16,"male","0.99",629,"no"
"christopher",36,"male","1",2339,"no"
"chuang",2,"male","0.75",4,"no"
"chun",1,"male","0.84",62,"no"
"chung",3,"male","0.79",70,"no"
"chunlei",1,"female","1",1,"no"
"chunqiao",2,"female","0.6",NA,"yes"
"cinzia",4,"female","1",126,"no"
"claas",3,"male","1",1,"no"
"claire",2,"female","1",2587,"no"
"claude",1,"male","0.81",327,"no"
"claudia",6,"female","1",3056,"no"
"claudio",7,"male","1",863,"no"
"claus",11,"male","0.88",119,"no"
"clay",1,"male","1",199,"no"
"clayton",1,"male","1",197,"no"
"clement",7,"male","1",284,"no"
"clifford",3,"male","1",93,"no"
"cody",1,"male","0.95",766,"no"
"cole",1,"male","0.96",221,"no"
"colin",5,"male","0.99",954,"no"
"colombi",1,"male",NA,NA,"yes"
"congrui",1,"male",NA,NA,"yes"
"conrad",1,"male","1",82,"no"
"constantin",1,"male","0.83",18,"no"
"constantino",1,"male","1",49,"no"
"constantinos",2,"male","1",49,"no"
"coppens",1,"female","1",1,"no"
"corentin",1,"male","1",56,"no"
"corey",1,"male","0.91",638,"no"
"cornelia",1,"female","1",83,"no"
"corneliu",1,"male","0.86",7,"no"
"corrado",1,"male","1",82,"no"
"cory",4,"male","0.92",574,"no"
"cosmin",1,"male","1",14,"no"
"craig",6,"male","1",1816,"no"
"cristian",2,"male","0.99",1376,"no"
"cristiano",2,"male","0.98",120,"no"
"cristina",2,"female","1",1983,"no"
"cristobal",1,"male","1",128,"no"
"csaba",2,"male","1",17,"no"
"cun",2,"male","0.6",5,"no"
"cyprien",1,"male","1",7,"no"
"cyril",1,"male","0.99",333,"no"
"cyrille",2,"male","0.96",54,"no"
"cyrus",1,"male","0.85",61,"no"
"daan",1,"male","1",25,"no"
"dai",5,"female","0.6",67,"no"
"daisuke",1,"male","1",13,"no"
"damian",4,"male","1",422,"no"
"damiano",2,"male","1",61,"no"
"damien",4,"male","1",567,"no"
"damon",1,"male","0.99",159,"no"
"dan",11,"male","0.98",3240,"no"
"dane",3,"male","0.93",221,"no"
"daniel",90,"male","1",8186,"no"
"daniela",10,"female","0.99",2105,"no"
"daniele",3,"male","0.86",587,"no"
"danilo",2,"male","0.99",293,"no"
"danlu",1,"female","0.8",NA,"yes"
"dariush",2,"male","1",4,"no"
"darren",1,"male","0.99",1095,"no"
"dason",1,"male","1",2,"no"
"dave",13,"male","1",2606,"no"
"david",151,"male","1",12597,"no"
"davide",8,"male","1",558,"no"
"davor",7,"male","1",53,"no"
"dayne",1,"male","0.77",13,"no"
"de",1,"male","0.68",147,"no"
"dean",8,"male","0.96",914,"no"
"debin",4,"female","1",1,"no"
"deborah",1,"female","0.99",1417,"no"
"deena",2,"female","1",77,"no"
"deepak",2,"male","1",335,"no"
"deepayan",3,"male",NA,NA,"yes"
"delia",1,"female","1",190,"no"
"demetris",2,"male","0.92",13,"no"
"denis",7,"male","0.93",577,"no"
"deniz",2,"female","0.52",500,"no"
"dennis",5,"male","0.99",1279,"no"
"derek",13,"male","1",1169,"no"
"derick",1,"male","1",49,"no"
"derrick",1,"male","1",360,"no"
"desislava",1,"female","1",28,"no"
"detlew",2,"male",NA,NA,"yes"
"devin",3,"male","0.86",307,"no"
"dewey",4,"male","1",23,"no"
"dhammapal",2,"male",NA,NA,"yes"
"di",2,"female","0.81",176,"no"
"diane",3,"female","0.99",1649,"no"
"dianne",1,"female","1",416,"no"
"didier",3,"male","0.99",204,"no"
"diego",3,"male","1",2270,"no"
"dieter",2,"male","1",70,"no"
"dimitris",6,"male","1",287,"no"
"dinesh",2,"male","1",154,"no"
"dingfeng",2,"male","0.8",NA,"yes"
"diogo",2,"male","0.99",102,"no"
"dipesh",1,"male","1",42,"no"
"dirk",43,"male","1",213,"no"
"dmitriy",2,"male","1",42,"no"
"dmitry",2,"male","1",73,"no"
"dominic",3,"male","0.97",461,"no"
"dominik",7,"male","0.99",151,"no"
"dominique",1,"female","0.69",689,"no"
"don",7,"male","0.99",1025,"no"
"dong",4,"male","0.89",46,"no"
"donghoh",4,"male","0.6",NA,"yes"
"dongmei",1,"female","1",1,"no"
"dongwei",1,"male","0.6",NA,"yes"
"dongwen",1,"male","0.6",NA,"yes"
"dongyu",1,"male","0.6",NA,"yes"
"doug",2,"male","1",891,"no"
"douglas",9,"male","1",611,"no"
"doulaye",2,"male",NA,NA,"yes"
"dr",4,"female","0.5",2,"no"
"dragana",1,"female","0.99",88,"no"
"drew",10,"male","0.95",710,"no"
"dries",1,"male","0.99",87,"no"
"duncan",13,"male","1",261,"no"
"dustin",4,"male","1",529,"no"
"dwueng",1,"male",NA,NA,"yes"
"dylan",7,"male","0.99",785,"no"
"eardi",1,"male",NA,NA,"yes"
"ed",7,"male","1",824,"no"
"edgar",7,"male","1",877,"no"
"edi",1,"male","0.88",80,"no"
"edith",1,"female","1",373,"no"
"edmund",4,"male","1",129,"no"
"edmunds",1,"male",NA,NA,"yes"
"edoardo",1,"male","0.99",108,"no"
"edouard",1,"male","0.97",76,"no"
"eduard",1,"male","1",105,"no"
"eduardo",4,"male","1",1644,"no"
"edward",6,"male","1",1015,"no"
"edwin",8,"male","1",819,"no"
"edzer",7,"male",NA,NA,"yes"
"ege",1,"female","0.51",57,"no"
"ehsan",4,"male","0.96",53,"no"
"ei",3,"female","1",30,"no"
"eike",1,"male","0.67",3,"no"
"eilidh",1,"female","1",17,"no"
"ekhine",1,"female",NA,NA,"yes"
"elena",1,"female","1",1645,"no"
"eleni",2,"female","1",151,"no"
"eliandro",1,"male",NA,NA,"yes"
"eliezer",1,"male","0.97",31,"no"
"elisa",2,"female","0.99",805,"no"
"elisabeth",1,"female","1",570,"no"
"elise",2,"female","1",453,"no"
"elizabeth",10,"female","1",3510,"no"
"elliot",3,"male","1",227,"no"
"emanuel",2,"male","1",236,"no"
"emanuela",1,"female","0.99",170,"no"
"emanuele",12,"male","1",241,"no"
"emil",1,"male","0.97",276,"no"
"emile",1,"male","0.81",64,"no"
"emilio",6,"male","0.99",374,"no"
"emily",3,"female","1",3765,"no"
"emma",2,"female","1",3337,"no"
"emmanuel",17,"male","1",761,"no"
"emmanuelle",2,"female","0.98",176,"no"
"ender",1,"male","1",89,"no"
"enio",1,"male","1",5,"no"
"enrico",2,"male","0.97",290,"no"
"enrique",1,"male","0.99",725,"no"
"enzo",2,"male","1",246,"no"
"ephraim",1,"male","1",14,"no"
"eran",2,"male","0.99",74,"no"
"eric",50,"male","1",4110,"no"
"erich",4,"male","1",72,"no"
"erik",6,"male","0.99",1072,"no"
"erin",6,"female","0.99",2097,"no"
"erlis",1,"male","1",1,"no"
"ernesto",2,"male","1",381,"no"
"esteban",1,"male","1",495,"no"
"ethan",2,"male","0.98",375,"no"
"etienne",6,"male","0.99",183,"no"
"eufrasio",1,"male","1",1,"no"
"eugene",1,"male","0.98",323,"no"
"euloge",1,"male","1",1,"no"
"eun",5,"female","0.63",24,"no"
"eunjeong",1,"female","1",2,"no"
"eva",1,"female","1",1715,"no"
"evan",3,"male","0.97",657,"no"
"evangelos",1,"male","1",13,"no"
"evelyne",1,"female","1",117,"no"
"evgeny",1,"male","1",29,"no"
"ewoud",1,"male","1",4,"no"
"ezra",1,"male","0.83",53,"no"
"fabian",6,"male","0.99",689,"no"
"fabien",1,"male","1",237,"no"
"fabio",4,"male","0.99",911,"no"
"fabrizio",2,"male","0.99",359,"no"
"faisal",1,"male","0.99",257,"no"
"fan",3,"female","0.65",40,"no"
"fang",3,"female","0.81",27,"no"
"fanni",1,"female","0.91",11,"no"
"farimah",1,"female",NA,NA,"yes"
"farzad",1,"male","1",23,"no"
"fawn",1,"female","0.97",30,"no"
"federico",6,"male","1",686,"no"
"feifei",1,"female","1",2,"no"
"feiming",2,"male","0.8",NA,"yes"
"felipe",6,"male","1",916,"no"
"felix",10,"male","1",692,"no"
"feng",3,"male","0.52",31,"no"
"fentaw",1,"male","0.8",NA,"yes"
"fernanda",1,"female","0.99",795,"no"
"fernando",7,"male","1",2012,"no"
"filip",1,"male","0.99",270,"no"
"filipe",2,"male","1",132,"no"
"filippo",2,"male","1",237,"no"
"finlay",1,"male","0.83",6,"no"
"fiona",2,"female","1",926,"no"
"florent",2,"male","1",160,"no"
"florian",18,"male","1",489,"no"
"fong",1,"male","0.7",44,"no"
"fraenzi",3,"female",NA,NA,"yes"
"fran",1,"female","0.61",581,"no"
"francesca",4,"female","1",1122,"no"
"francesco",8,"male","1",1093,"no"
"francis",3,"male","0.89",680,"no"
"francisco",7,"male","1",1513,"no"
"francois",15,"male","1",661,"no"
"frank",18,"male","1",1565,"no"
"franz",3,"male","0.99",88,"no"
"frauke",1,"female","1",25,"no"
"freddy",1,"male","0.97",425,"no"
"frederic",8,"male","0.99",568,"no"
"frederick",9,"male","1",294,"no"
"frederico",2,"male","1",23,"no"
"frederik",1,"male","0.98",116,"no"
"frederike",1,"female","1",8,"no"
"fridolin",1,"male","1",3,"no"
"friedrich",5,"male","1",18,"no"
"fritz",2,"male","0.93",68,"no"
"gabor",28,"male","1",61,"no"
"gábor",28,"male","1",61,"no"
"gabriel",7,"male","0.99",1676,"no"
"gabriela",1,"female","1",1293,"no"
"gabriele",3,"male","0.79",255,"no"
"gaelle",1,"female","1",247,"no"
"gang",1,"male","1",5,"no"
"garrett",5,"male","1",293,"no"
"garth",3,"male","1",51,"no"
"gary",1,"male","1",2132,"no"
"gaston",10,"male","1",222,"no"
"gaurav",5,"male","1",241,"no"
"gautier",1,"male","1",27,"no"
"gavin",6,"male","1",519,"no"
"ge",2,"male","0.57",37,"no"
"geir",1,"male","1",96,"no"
"gen",2,"female","0.85",39,"no"
"genaro",4,"male","1",36,"no"
"gene",1,"male","0.89",249,"no"
"genevera",1,"female","1",NA,"yes"
"genzo",1,"male","1",1,"no"
"geoff",3,"male","0.99",426,"no"
"geoffrey",1,"male","1",262,"no"
"georg",10,"male","1",64,"no"
"george",11,"male","0.99",2098,"no"
"georgi",4,"male","0.71",56,"no"
"georgios",2,"male","1",25,"no"
"gerald",2,"male","0.99",429,"no"
"geraldine",1,"female","1",357,"no"
"gerda",1,"female","1",29,"no"
"gergely",5,"male","0.93",14,"no"
"gerhard",1,"male","1",49,"no"
"german",2,"male","1",405,"no"
"gero",3,"male","1",15,"no"
"gerrit",1,"male","1",58,"no"
"gert",5,"male","1",48,"no"
"ghazaleh",1,"female","1",3,"no"
"ghislain",3,"male","1",24,"no"
"giampiero",3,"male","1",19,"no"
"giancarlo",1,"male","1",145,"no"
"gianfranco",1,"male","1",113,"no"
"giangiacomo",1,"male","1",1,"no"
"gianluca",8,"male","1",308,"no"
"gianmarco",2,"male","1",65,"no"
"gideon",1,"male","1",54,"no"
"gift",1,"female","0.79",28,"no"
"gilbert",2,"male","1",194,"no"
"gildas",1,"male","0.89",9,"no"
"giles",1,"male","0.86",77,"no"
"gilles",3,"male","1",225,"no"
"gionata",2,"male","1",2,"no"
"giorgio",9,"male","0.99",331,"no"
"giovanna",2,"female","1",347,"no"
"giovanni",5,"male","1",722,"no"
"giovanny",2,"male","0.99",96,"no"
"giri",1,"male","1",8,"no"
"giselle",1,"female","0.98",155,"no"
"giuliana",1,"female","0.97",89,"no"
"giuliano",1,"male","1",103,"no"
"giulio",2,"male","0.99",130,"no"
"giuseppe",3,"male","1",774,"no"
"gjalt",1,"male","1",1,"no"
"gleb",1,"male","1",6,"no"
"glen",2,"male","0.98",409,"no"
"glenn",2,"male","0.99",652,"no"
"glenna",2,"female","0.97",33,"no"
"gloria",1,"female","1",1188,"no"
"gokce",1,"female","0.78",85,"no"
"gokmen",1,"male","1",40,"no"
"gongyi",1,"male","0.8",NA,"yes"
"gontran",1,"male","1",3,"no"
"gooitzen",1,"male",NA,NA,"yes"
"gopi",6,"male","0.94",18,"no"
"gord",1,"male","1",46,"no"
"gordon",2,"male","1",416,"no"
"gota",1,"male",NA,NA,"yes"
"govert",1,"male","1",1,"no"
"grace",1,"female","0.99",1125,"no"
"grady",1,"male","0.74",43,"no"
"graeme",2,"male","0.99",167,"no"
"graham",2,"male","1",603,"no"
"grant",3,"male","1",592,"no"
"greg",10,"male","1",1854,"no"
"gregoire",1,"male","1",61,"no"
"gregor",3,"male","1",64,"no"
"gregory",21,"male","1",722,"no"
"grigori",1,"male",NA,NA,"yes"
"gro",1,"female","0.91",56,"no"
"grzegorz",1,"male","0.98",56,"no"
"guang",1,"female","0.67",3,"no"
"guangchuang",1,"male","0.8",NA,"yes"
"guanhua",1,"male","1",1,"no"
"guido",4,"male","1",245,"no"
"guilhem",1,"male","1",11,"no"
"guillaume",7,"male","1",779,"no"
"guillemette",3,"female","1",3,"no"
"guillermo",4,"male","1",850,"no"
"gul",5,"female","0.97",90,"no"
"gunnlaugur",1,"male",NA,NA,"yes"
"gunratan",1,"male",NA,NA,"yes"
"gunther",5,"male","1",29,"no"
"guogen",1,"male","0.8",NA,"yes"
"guoli",4,"female","0.6",NA,"yes"
"guoshuai",1,"male","0.8",NA,"yes"
"guro",1,"female","1",13,"no"
"gustavo",2,"male","1",1161,"no"
"guy",14,"male","1",445,"no"
"guzman",1,"male","0.88",8,"no"
"habil",1,"male","1",3,"no"
"hadley",39,"male","0.77",13,"no"
"hae",1,"female","1",1,"no"
"hai",2,"male","0.84",45,"no"
"haiming",2,"male","0.8",NA,"yes"
"haisu",3,"male","1",1,"no"
"hajime",4,"male","1",4,"no"
"hajk",2,"male","1",2,"no"
"hakon",2,"male","1",42,"no"
"haleh",2,"female","1",1,"no"
"hamada",1,"male","1",53,"no"
"hamed",1,"male","1",82,"no"
"han",10,"male","0.61",145,"no"
"hana",16,"female","0.98",257,"no"
"hanjie",1,"female","0.8",NA,"yes"
"hank",1,"male","1",98,"no"
"hanna",1,"female","0.97",514,"no"
"hannah",3,"female","1",1949,"no"
"hannes",2,"male","0.96",52,"no"
"hans",15,"male","0.99",431,"no"
"hanwen",1,"male","1",1,"no"
"hao",9,"male","0.93",27,"no"
"haodong",1,"male","0.8",NA,"yes"
"haolun",1,"male","0.6",NA,"yes"
"haotian",1,"male","0.8",NA,"yes"
"harald",2,"male","1",80,"no"
"harm",1,"male","1",7,"no"
"harmen",1,"male","0.75",4,"no"
"harry",2,"male","0.99",844,"no"
"hart",1,"male","0.93",14,"no"
"harutyun",1,"male",NA,NA,"yes"
"hasinur",4,"male",NA,NA,"yes"
"haydar",2,"male","0.95",56,"no"
"he",2,"male","0.66",32,"no"
"heath",2,"male","0.97",79,"no"
"heather",3,"female","1",3220,"no"
"hector",3,"male","1",1112,"no"
"heewon",3,"female","1",1,"no"
"heidi",1,"female","1",1211,"no"
"heike",1,"female","0.98",48,"no"
"hein",2,"male","1",29,"no"
"helen",1,"female","0.99",2232,"no"
"helga",1,"female","1",92,"no"
"helios",2,"male","1",1,"no"
"henning",2,"male","1",77,"no"
"henrik",27,"male","1",353,"no"
"hera",1,"female","1",25,"no"
"herman",2,"male","0.99",119,"no"
"herv",1,"male",NA,NA,"yes"
"herve",2,"male","1",130,"no"
"hideitsu",1,"male",NA,NA,"yes"
"hideo",4,"male","1",8,"no"
"hien",1,"male","0.59",17,"no"
"hinda",1,"female","1",14,"no"
"hiroaki",1,"male","1",6,"no"
"hiroshi",1,"male","1",19,"no"
"hiroyuki",3,"male","1",29,"no"
"ho",2,"male","0.75",151,"no"
"hok",1,"male","1",12,"no"
"holger",10,"male","1",44,"no"
"homer",1,"male","1",27,"no"
"hong",1,"male","0.51",93,"no"
"hongen",1,"male","0.6",NA,"yes"
"honglong",1,"male","0.6",NA,"yes"
"hongying",1,"female","1",1,"no"
"hormuzd",2,"male",NA,NA,"yes"
"horst",1,"male","1",34,"no"
"hossein",1,"male","0.98",41,"no"
"houtao",2,"male","0.8",NA,"yes"
"hristos",1,"male","1",1,"no"
"hsiu",1,"female","1",1,"no"
"hsiuying",1,"female",NA,NA,"yes"
"hua",1,"female","0.68",25,"no"
"huang",1,"female","0.59",54,"no"
"hugh",3,"male","1",174,"no"
"hugo",5,"male","1",836,"no"
"hui",2,"female","0.79",100,"no"
"huiling",1,"female","1",2,"no"
"hung",1,"male","0.8",70,"no"
"hyungsuk",1,"male",NA,NA,"yes"
"hyunji",1,"female","1",1,"no"
"hyunseung",2,"male","1",5,"no"
"iain",1,"male","1",246,"no"
"ian",20,"male","0.99",2159,"no"
"ichikawa",1,"male",NA,NA,"yes"
"idris",1,"male","1",98,"no"
"ignacio",2,"male","1",451,"no"
"il",2,"male","0.96",51,"no"
"ilaria",1,"female","0.99",278,"no"
"ilja",1,"male","1",11,"no"
"ilya",1,"male","0.98",42,"no"
"imanuel",5,"male","1",4,"no"
"ingmar",4,"male","1",56,"no"
"ingo",2,"male","1",33,"no"
"inmaculada",1,"female","1",27,"no"
"ioannis",2,"male","1",53,"no"
"irakliy",1,"male",NA,NA,"yes"
"irene",3,"female","1",1333,"no"
"irina",1,"female","0.99",295,"no"
"irucka",3,"female","0.6",NA,"yes"
"isaac",3,"male","1",472,"no"
"isabell",1,"female","0.98",63,"no"
"isabella",2,"female","0.99",367,"no"
"isabelle",1,"female","1",867,"no"
"isidro",1,"male","1",47,"no"
"isma",1,"male","0.63",19,"no"
"itziar",1,"female","1",24,"no"
"ivailo",2,"male","1",6,"no"
"ivair",1,"male",NA,NA,"yes"
"ivan",8,"male","1",1905,"no"
"ivana",1,"female","1",509,"no"
"ivo",3,"male","0.97",147,"no"
"ivonne",1,"female","1",276,"no"
"jaak",2,"male","1",11,"no"
"jacinto",1,"male","1",13,"no"
"jack",5,"male","0.99",1993,"no"
"jacob",10,"male","1",1309,"no"
"jacolien",1,"female",NA,NA,"yes"
"jacopo",1,"male","1",52,"no"
"jae",4,"male","0.58",90,"no"
"jaejoon",3,"male",NA,NA,"yes"
"jaime",1,"male","0.68",1247,"no"
"jairo",2,"male","1",227,"no"
"jake",7,"male","0.99",1410,"no"
"jakob",4,"male","0.99",148,"no"
"jakson",2,"male","1",1,"no"
"jakub",1,"male","1",176,"no"
"jalpa",1,"female","1",32,"no"
"james",44,"male","0.99",6359,"no"
"jamie",1,"male","0.53",2428,"no"
"jan",26,"male","0.6",1692,"no"
"jana",2,"female","0.99",601,"no"
"jane",1,"female","0.99",1796,"no"
"janez",1,"male","1",10,"no"
"jannis",3,"female","0.5",28,"no"
"january",4,"female","1",7,"no"
"jarad",2,"male","1",5,"no"
"jared",8,"male","1",667,"no"
"jari",6,"male","1",87,"no"
"jaroslav",4,"male","1",94,"no"
"jarrod",2,"male","1",127,"no"
"jasjeet",3,"female","1",1,"no"
"jasmin",1,"female","0.9",300,"no"
"jason",23,"male","1",4927,"no"
"jasper",2,"male","0.96",119,"no"
"javier",10,"male","1",1975,"no"
"jay",1,"male","0.9",1882,"no"
"jayanth",1,"male","1",8,"no"
"jaynal",1,"male",NA,NA,"yes"
"jean",13,"female","0.53",1523,"no"
"jed",1,"male","0.93",100,"no"
"jedrzej",1,"male","1",2,"no"
"jeff",14,"male","1",2925,"no"
"jeffery",1,"male","1",148,"no"
"jeffrey",28,"male","1",932,"no"
"jelena",1,"female","1",239,"no"
"jelle",2,"male","0.98",49,"no"
"jelmer",2,"male","1",3,"no"
"jenine",1,"female","1",14,"no"
"jenise",2,"female","1",10,"no"
"jenna",1,"female","1",886,"no"
"jennifer",3,"female","1",6717,"no"
"jenny",1,"female","1",2899,"no"
"jens",12,"male","1",292,"no"
"jeremie",1,"male","1",87,"no"
"jeremy",9,"male","0.99",2160,"no"
"jeroen",22,"male","1",113,"no"
"jerome",5,"male","1",759,"no"
"jesse",3,"male","0.93",1095,"no"
"jessica",1,"female","1",6696,"no"
"jesus",3,"male","0.99",1380,"no"
"ji",3,"male","0.53",36,"no"
"jian",1,"male","0.73",22,"no"
"jianing",2,"female","0.5",2,"no"
"jianping",1,"female","1",1,"no"
"jianxin",1,"male","0.8",NA,"yes"
"jiarui",1,"male","1",1,"no"
"jiat",1,"male",NA,NA,"yes"
"jiayi",1,"female","0.9",10,"no"
"jie",4,"female","0.69",29,"no"
"jiebiao",1,"male","0.6",NA,"yes"
"jiechao",1,"male","0.6",NA,"yes"
"jiehuan",1,"male","0.6",NA,"yes"
"jiejun",1,"male","0.8",NA,"yes"
"jim",16,"male","1",2291,"no"
"jimmy",2,"male","1",1416,"no"
"jin",1,"male","0.56",98,"no"
"jincheol",1,"male",NA,NA,"yes"
"jing",9,"female","0.72",126,"no"
"jingqin",1,"male","0.6",NA,"yes"
"jingshu",1,"female","0.6",NA,"yes"
"jingyi",2,"female","1",5,"no"
"jinlong",3,"male","0.8",NA,"yes"
"jinyoung",1,"female","0.75",4,"no"
"jiqiang",1,"male","0.8",NA,"yes"
"jiri",2,"male","1",128,"no"
"jirka",4,"male","0.92",38,"no"
"jisu",1,"female","1",1,"no"
"jiwoong",3,"male",NA,NA,"yes"
"jixiang",2,"male","0.6",NA,"yes"
"jj",8,"male","0.82",158,"no"
"jo",1,"female","0.88",1423,"no"
"joachim",1,"male","1",137,"no"
"joan",2,"female","0.82",1017,"no"
"joao",3,"male","1",439,"no"
"joaquim",5,"male","1",43,"no"
"joaquin",2,"male","1",369,"no"
"jocelyn",2,"female","0.95",448,"no"
"jochen",3,"male","1",32,"no"
"joe",10,"male","0.98",3713,"no"
"joel",5,"male","0.99",1472,"no"
"joerg",8,"male","1",20,"no"
"joern",1,"male","1",9,"no"
"johan",5,"male","1",1060,"no"
"johann",2,"male","0.99",118,"no"
"johannes",14,"male","1",199,"no"
"john",95,"male","0.99",9931,"no"
"jon",15,"male","1",1805,"no"
"jonah",2,"male","0.88",48,"no"
"jonas",8,"male","1",630,"no"
"jonathan",30,"male","1",3702,"no"
"jong",1,"male","1",11,"no"
"joonas",1,"male","1",45,"no"
"jordan",3,"male","0.77",1774,"no"
"jorge",6,"male","1",3183,"no"
"joris",3,"male","1",52,"no"
"jorrit",1,"male","1",12,"no"
"jort",1,"male",NA,NA,"yes"
"jos",3,"male","0.85",72,"no"
"jose",32,"male","0.99",5109,"no"
"josef",10,"male","0.99",104,"no"
"josemir",1,"male","1",1,"no"
"josep",3,"male","1",91,"no"
"joseph",11,"male","0.99",2213,"no"
"josh",6,"male","1",2597,"no"
"joshua",20,"male","0.99",1570,"no"
"joss",1,"male","0.76",37,"no"
"josue",1,"male","0.99",290,"no"
"jouke",1,"female","0.5",2,"no"
"jouni",5,"male","1",42,"no"
"jp",1,"male","0.94",190,"no"
"juan",9,"male","0.99",4584,"no"
"juerg",1,"male","1",2,"no"
"juergen",1,"male","1",13,"no"
"jueyu",1,"male","0.6",NA,"yes"
"juha",2,"male","1",97,"no"
"juhui",1,"female","0.6",NA,"yes"
"jukka",1,"male","1",62,"no"
"julia",3,"female","0.99",2171,"no"
"julian",6,"male","1",1080,"no"
"juliane",1,"female","1",59,"no"
"julie",3,"female","1",4263,"no"
"julien",17,"male","1",1066,"no"
"julio",3,"male","1",1052,"no"
"jun",11,"male","0.94",189,"no"
"junghyun",2,"female","0.67",3,"no"
"jungsik",1,"male",NA,NA,"yes"
"jungsuk",1,"male","1",1,"no"
"junheng",3,"male","0.8",NA,"yes"
"junliang",1,"male","1",5,"no"
"junlong",1,"male","0.8",NA,"yes"
"junwei",2,"male","1",2,"no"
"junwen",1,"male","0.8",NA,"yes"
"junyao",1,"male","0.8",NA,"yes"
"juris",2,"male","1",9,"no"
"jussi",3,"male","0.96",56,"no"
"justin",13,"male","1",2871,"no"
"juuso",1,"male","1",37,"no"
"kabir",1,"male","1",18,"no"
"kai",3,"male","0.87",207,"no"
"kam",1,"female","0.61",80,"no"
"kamil",4,"male","0.99",130,"no"
"kamila",1,"female","1",108,"no"
"kangwon",1,"male",NA,NA,"yes"
"kaniav",1,"female",NA,NA,"yes"
"karel",2,"male","0.92",90,"no"
"karen",2,"female","1",5462,"no"
"kari",1,"female","0.91",468,"no"
"karim",3,"male","0.92",474,"no"
"karl",13,"male","1",700,"no"
"karline",16,"female","1",3,"no"
"karolos",1,"male","1",1,"no"
"karoly",1,"male","0.63",8,"no"
"karsten",4,"male","1",94,"no"
"karthik",7,"male","1",119,"no"
"kaspar",8,"male","1",6,"no"
"kasper",2,"male","0.98",110,"no"
"katarina",1,"female","0.99",284,"no"
"kate",2,"female","0.99",2254,"no"
"katharine",8,"female","1",71,"no"
"kathe",1,"female","1",44,"no"
"katherine",1,"female","1",1414,"no"
"kathleen",1,"female","1",972,"no"
"kathrin",1,"female","1",104,"no"
"kaushik",1,"male","1",39,"no"
"kaveh",4,"male","1",28,"no"
"kazuki",1,"male","1",16,"no"
"kazunaga",1,"male",NA,NA,"yes"
"kazutaka",1,"male","1",2,"no"
"ke",2,"male","0.57",35,"no"
"kean",2,"male","0.97",29,"no"
"keaven",1,"male",NA,NA,"yes"
"keerthi",1,"male","0.67",9,"no"
"kei",3,"male","0.62",58,"no"
"keith",1,"male","0.99",1417,"no"
"kellie",4,"female","0.98",293,"no"
"kelly",1,"female","0.94",3831,"no"
"kem",1,"female","0.75",4,"no"
"ken",13,"male","0.99",1435,"no"
"kengo",2,"male","1",5,"no"
"kenn",1,"male","1",33,"no"
"kenneth",3,"male","1",1020,"no"
"kent",1,"male","1",297,"no"
"keon",3,"male","0.95",19,"no"
"kerry",1,"female","0.88",943,"no"
"keurcien",1,"male",NA,NA,"yes"
"kevin",25,"male","1",5362,"no"
"khanna",1,"female",NA,NA,"yes"
"khurram",1,"male","0.98",47,"no"
"kien",1,"male","1",11,"no"
"kieran",2,"male","0.98",263,"no"
"kim",2,"female","0.88",3561,"no"
"kimberly",1,"female","1",1717,"no"
"kimihiro",1,"male",NA,NA,"yes"
"kirill",8,"male","1",21,"no"
"kitty",1,"female","0.99",280,"no"
"kiwamu",1,"male",NA,NA,"yes"
"kjell",5,"male","1",139,"no"
"kjetil",6,"male","1",50,"no"
"klaus",15,"male","0.98",177,"no"
"knut",1,"male","1",71,"no"
"kobi",1,"male","0.86",22,"no"
"koen",3,"male","0.99",90,"no"
"kofi",2,"male","1",38,"no"
"kohske",1,"male",NA,NA,"yes"
"kolodziejski",1,"male",NA,NA,"yes"
"konrad",3,"male","1",62,"no"
"konstantin",3,"male","1",66,"no"
"korbinian",10,"male","1",1,"no"
"kornelius",5,"male","1",3,"no"
"kosei",2,"male",NA,NA,"yes"
"kosuke",3,"male","1",1,"no"
"koulik",1,"male",NA,NA,"yes"
"kouros",1,"male","1",8,"no"
"kris",3,"male","0.61",614,"no"
"kristen",2,"female","1",1160,"no"
"kristian",5,"male","0.94",379,"no"
"kristin",1,"female","1",1047,"no"
"kristina",1,"female","1",913,"no"
"krzysztof",6,"male","1",96,"no"
"kuang",1,"male","1",2,"no"
"kuangnan",1,"male","0.6",NA,"yes"
"kui",2,"female","0.8",5,"no"
"kun",5,"male","0.83",12,"no"
"kung",1,"female","0.76",17,"no"
"kuo",1,"female","0.5",2,"no"
"kurt",29,"male","1",421,"no"
"kusha",1,"female","0.5",2,"no"
"kushan",1,"male","1",10,"no"
"kwang",1,"female","0.6",5,"no"
"kyle",6,"male","0.99",1944,"no"
"kyu",3,"male","1",3,"no"
"laercio",1,"male","1",3,"no"
"laetitia",2,"female","0.99",347,"no"
"lam",2,"male","0.53",113,"no"
"lance",1,"male",NA,NA,"yes"
"lane",3,"male","0.64",86,"no"
"lang",1,"female","0.6",15,"no"
"larissa",1,"female","1",322,"no"
"lars",6,"male","1",450,"no"
"larsen",1,"male","1",3,"no"
"laura",7,"female","1",7953,"no"
"laurel",1,"female","1",166,"no"
"lauren",1,"female","1",2937,"no"
"laurence",2,"female","0.75",400,"no"
"laurent",5,"male","0.99",571,"no"
"lauri",1,"female","0.69",114,"no"
"lawrence",4,"male","1",393,"no"
"layla",3,"female","0.99",99,"no"
"le",2,"female","0.56",145,"no"
"leandro",1,"male","1",328,"no"
"lech",1,"male","1",2,"no"
"lee",3,"male","0.75",2089,"no"
"leena",2,"female","0.98",80,"no"
"leeyoung",1,"female",NA,NA,"yes"
"lei",1,"female","0.56",54,"no"
"leif",1,"male","0.99",125,"no"
"lennart",2,"male","1",56,"no"
"leo",8,"male","0.95",813,"no"
"leon",1,"male","0.99",424,"no"
"leonardo",5,"male","1",886,"no"
"leopoldo",1,"male","1",44,"no"
"leslie",1,"female","0.88",1173,"no"
"lester",1,"male","0.99",128,"no"
"lev",1,"male","0.95",19,"no"
"levi",2,"male","0.95",139,"no"
"li",5,"female","0.66",274,"no"
"liam",3,"male","0.99",623,"no"
"lianbo",1,"male","0.8",NA,"yes"
"liang",3,"male","0.69",48,"no"
"lianming",1,"male","0.8",NA,"yes"
"libo",1,"male","0.8",NA,"yes"
"lieven",1,"male","1",8,"no"
"lifeng",3,"female","1",1,"no"
"lilin",1,"female","1",3,"no"
"lin",8,"female","0.74",192,"no"
"lincoln",5,"male","0.98",91,"no"
"lindsay",3,"female","0.95",1081,"no"
"ling",2,"female","0.78",126,"no"
"lingbing",1,"male","0.6",NA,"yes"
"lingsong",2,"male","0.8",NA,"yes"
"lionel",1,"male","0.99",223,"no"
"liran",2,"female","0.5",28,"no"
"lisa",2,"female","1",6395,"no"
"lise",2,"female","1",254,"no"
"livio",2,"male","1",22,"no"
"liviu",2,"male","1",6,"no"
"lixi",1,"male","0.6",NA,"yes"
"lo",1,"female","0.62",81,"no"
"loic",2,"male","0.99",198,"no"
"long",5,"male","0.86",51,"no"
"longhai",3,"male","0.8",NA,"yes"
"lopaka",1,"male","1",1,"no"
"lora",1,"female","1",160,"no"
"loren",1,"female","0.66",172,"no"
"lorenzo",2,"male","1",496,"no"
"lori",3,"female","1",1294,"no"
"louis",6,"male","0.99",654,"no"
"lu",3,"female","0.8",272,"no"
"luana",1,"female","1",158,"no"
"luca",16,"male","0.99",1078,"no"
"lucas",2,"male","1",1003,"no"
"luciano",2,"male","1",365,"no"
"ludger",2,"male",NA,NA,"yes"
"luigi",2,"male","1",429,"no"
"luis",14,"male","1",4053,"no"
"luisa",1,"female","1",746,"no"
"lukas",6,"male","1",333,"no"
"lukasz",8,"male","1",55,"no"
"luke",11,"male","1",1408,"no"
"lutz",4,"male","1",9,"no"
"luz",1,"female","0.99",493,"no"
"lw",1,"female","0.67",3,"no"
"lyamine",1,"male",NA,NA,"yes"
"lyle",1,"male","0.9",73,"no"
"maarten",1,"male","1",69,"no"
"maciej",2,"male","1",76,"no"
"maciek",1,"male","1",32,"no"
"madeleine",1,"female","0.99",248,"no"
"madhav",1,"male","1",10,"no"
"maengseok",2,"female","0.6",NA,"yes"
"magdalena",1,"female","1",415,"no"
"magnus",2,"male","1",315,"no"
"mahmoud",2,"male","1",718,"no"
"mai",3,"female","0.97",338,"no"
"maja",1,"female","0.99",381,"no"
"majid",1,"male","1",79,"no"
"maksim",2,"male","1",11,"no"
"malika",1,"female","0.97",75,"no"
"mamoun",1,"male","1",5,"no"
"mandy",1,"female","0.99",1085,"no"
"manel",1,"male","0.62",61,"no"
"mans",3,"male","1",12,"no"
"manuel",22,"male","1",1954,"no"
"manuela",3,"female","1",460,"no"
"maogui",1,"male","0.8",NA,"yes"
"mar",2,"female","0.92",374,"no"
"marc",19,"male","1",1555,"no"
"marcel",1,"male","0.96",403,"no"
"marcelino",7,"male","1",30,"no"
"marcello",2,"male","1",190,"no"
"marcelo",8,"male","1",810,"no"
"marcin",2,"male","1",132,"no"
"marco",18,"male","0.99",2493,"no"
"marcos",3,"male","1",823,"no"
"marcus",4,"male","1",970,"no"
"marek",9,"male","1",229,"no"
"margaret",1,"female","0.98",1101,"no"
"margarita",1,"female","1",441,"no"
"margret",1,"female","1",35,"no"
"maria",9,"female","0.99",8467,"no"
"marian",1,"female","0.81",411,"no"
"marie",10,"female","0.99",2299,"no"
"marieke",1,"female","1",96,"no"
"marijke",1,"female","1",43,"no"
"marina",1,"female","0.99",1326,"no"
"mario",8,"male","0.99",2056,"no"
"marius",5,"male","1",234,"no"
"marjan",1,"female","0.76",97,"no"
"mark",44,"male","1",6178,"no"
"marko",4,"male","0.99",377,"no"
"markus",18,"male","1",424,"no"
"marlene",2,"female","1",552,"no"
"marlies",1,"female","1",16,"no"
"marloes",1,"female","1",42,"no"
"marsel",1,"male","0.71",7,"no"
"marshall",3,"male","0.99",167,"no"
"marta",5,"female","1",1408,"no"
"martha",2,"female","0.99",1169,"no"
"martijn",4,"male","1",49,"no"
"martin",64,"male","1",3568,"no"
"martina",2,"female","1",1002,"no"
"martyn",2,"male","1",131,"no"
"marvin",3,"male","1",338,"no"
"marwan",1,"male","1",114,"no"
"mary",4,"female","1",4440,"no"
"masaaki",2,"male","1",12,"no"
"masahiro",1,"male","1",16,"no"
"masami",4,"female","0.8",5,"no"
"masatoshi",2,"male","1",1,"no"
"mason",1,"male","0.98",148,"no"
"massimiliano",3,"male","1",213,"no"
"mateusz",1,"male","1",66,"no"
"mathew",1,"male","0.99",297,"no"
"mathias",3,"male","0.99",257,"no"
"mathieu",6,"male","1",545,"no"
"matt",21,"male","1",4915,"no"
"matteo",8,"male","1",555,"no"
"matthew",36,"male","1",3338,"no"
"matthias",26,"male","1",257,"no"
"matthieu",6,"male","1",261,"no"
"matthijs",1,"male","1",12,"no"
"mattia",1,"male","0.99",212,"no"
"matyas",1,"male","0.83",6,"no"
"maurice",1,"male","0.98",221,"no"
"mauricio",6,"male","1",1203,"no"
"maurits",1,"male","1",6,"no"
"maurizio",1,"male","1",255,"no"
"mauro",1,"male","1",477,"no"
"max",17,"male","0.98",1140,"no"
"maxim",1,"male","0.99",68,"no"
"maxime",4,"male","0.97",527,"no"
"maximilian",2,"male","1",69,"no"
"mee",2,"male","0.56",25,"no"
"megan",2,"female","1",2639,"no"
"mehmet",9,"male","0.99",2004,"no"
"mehrad",1,"male","1",2,"no"
"meik",1,"male","1",2,"no"
"meiling",1,"female","1",15,"no"
"meinhard",1,"male",NA,NA,"yes"
"melanie",2,"female","1",2147,"no"
"melina",1,"female","0.99",222,"no"
"melissa",3,"female","1",4541,"no"
"menachem",1,"male","1",3,"no"
"meng",3,"male","0.62",21,"no"
"meredith",2,"female","1",436,"no"
"merete",1,"female","1",114,"no"
"merlise",1,"female","1",2,"no"
"meryam",1,"female","1",7,"no"
"miao",1,"female","0.75",16,"no"
"micha",1,"male","0.67",36,"no"
"michael",124,"male","1",11160,"no"
"michaela",1,"female","1",525,"no"
"michail",3,"male","1",6,"no"
"michal",8,"male","0.75",360,"no"
"michel",16,"male","0.96",729,"no"
"michela",4,"female","1",242,"no"
"michele",8,"female","0.74",1564,"no"
"michelle",2,"female","1",5658,"no"
"michio",1,"male","1",2,"no"
"mickael",3,"male","1",221,"no"
"miguel",6,"male","1",2065,"no"
"mihai",3,"male","0.98",89,"no"
"miika",1,"male","0.95",41,"no"
"mika",1,"male","0.51",182,"no"
"mikael",1,"male","1",371,"no"
"mike",9,"male","1",5595,"no"
"mikhail",8,"male","1",57,"no"
"miki",1,"female","0.76",132,"no"
"mikis",10,"male","1",1,"no"
"mikiya",1,"male",NA,NA,"yes"
"mikkel",4,"male","0.99",118,"no"
"mikko",3,"male","1",186,"no"
"milan",13,"male","0.98",238,"no"
"miller",1,"male","0.84",31,"no"
"milton",1,"male","1",168,"no"
"minato",2,"male","1",1,"no"
"ming",5,"male","0.67",87,"no"
"minghui",1,"female","1",1,"no"
"mini",1,"female","0.85",33,"no"
"minjeong",1,"female","1",2,"no"
"miquel",2,"male","1",45,"no"
"miriam",1,"female","1",851,"no"
"mirko",1,"male","1",164,"no"
"miron",4,"male","1",8,"no"
"mithat",1,"male","1",20,"no"
"mizanur",1,"male","1",8,"no"
"mohamed",3,"male","0.99",2784,"no"
"mohammad",1,"male","1",937,"no"
"mohammed",3,"male","1",1270,"no"
"mohit",2,"male","1",175,"no"
"mohsen",1,"male","1",83,"no"
"moliere",1,"male","1",1,"no"
"monica",4,"female","1",2920,"no"
"monique",1,"female","1",734,"no"
"moreno",2,"male","0.98",52,"no"
"morgane",1,"female","1",164,"no"
"moritz",3,"male","1",35,"no"
"mortaza",1,"male",NA,NA,"yes"
"mu",1,"female","0.61",38,"no"
"mudassir",1,"male","1",9,"no"
"muhammad",1,"male","1",1033,"no"
"muhtarjan",1,"male",NA,NA,"yes"
"mukul",1,"male","1",17,"no"
"mun",1,"female","0.69",13,"no"
"muntashir",1,"male",NA,NA,"yes"
"murilo",1,"male","1",18,"no"
"murray",5,"male","0.96",72,"no"
"murzintcev",1,NA,NA,NA,"yes"
"mustafa",1,"male","1",1728,"no"
"myles",1,"male","1",98,"no"
"na",3,"female","0.88",110,"no"
"nacho",1,"male","1",257,"no"
"nadezda",1,"female","1",9,"no"
"nadezhda",1,"female","0.92",12,"no"
"nadia",1,"female","0.99",1040,"no"
"nadine",2,"female","1",672,"no"
"nadja",1,"female","1",140,"no"
"nagi",1,"male","0.9",10,"no"
"nan",5,"female","0.91",131,"no"
"nanni",1,"male","0.6",5,"no"
"naoki",1,"male","1",6,"no"
"nastasia",1,"female","1",9,"no"
"natalia",5,"female","1",1374,"no"
"natalie",1,"female","1",2033,"no"
"natalya",2,"female","1",105,"no"
"nathalie",2,"female","1",1096,"no"
"nathan",9,"male","1",1632,"no"
"nathaniel",8,"male","1",234,"no"
"navreet",1,"female","1",2,"no"
"nay",1,"female","0.82",28,"no"
"neal",5,"male","1",210,"no"
"neil",3,"male","1",1036,"no"
"nele",1,"female","0.94",54,"no"
"nelo",1,"male","1",4,"no"
"neo",2,"male","0.93",72,"no"
"nepomechie",1,NA,NA,NA,"yes"
"neville",1,"male","1",72,"no"
"nezami",1,NA,NA,NA,"yes"
"nhat",1,"male","0.97",32,"no"
"niall",1,"male","1",57,"no"
"niamh",1,"female","1",117,"no"
"nicholas",20,"male","1",1176,"no"
"nick",9,"male","0.99",3326,"no"
"nicola",4,"female","0.71",1226,"no"
"nicolai",6,"male","1",93,"no"
"nicolas",8,"male","1",1953,"no"
"nicolau",1,"male","1",3,"no"
"nicole",9,"female","1",4042,"no"
"niel",1,"male","1",32,"no"
"niels",3,"male","0.95",210,"no"
"niki",1,"female","0.88",237,"no"
"niklas",1,"male","0.99",156,"no"
"nikola",1,"male","0.83",301,"no"
"nikolaos",3,"male","1",17,"no"
"nikolaus",2,"male","1",13,"no"
"nikolay",2,"male","1",47,"no"
"nikole",1,"female",NA,NA,"yes"
"nikos",1,"male","1",254,"no"
"nils",3,"male","0.99",149,"no"
"ning",1,"female","0.8",45,"no"
"noah",4,"male","0.98",309,"no"
"noboru",1,"male","1",11,"no"
"nobuki",1,"male","1",5,"no"
"noemi",1,"female","1",268,"no"
"noemie",1,"female","1",159,"no"
"noory",1,"male",NA,NA,"yes"
"nora",2,"female","1",549,"no"
"norm",4,"male","1",60,"no"
"nour",1,"female","0.85",131,"no"
"nusrat",1,"female","1",14,"no"
"ola",1,"female","0.52",300,"no"
"olaf",10,"male","1",65,"no"
"oldemar",1,"male","1",1,"no"
"ole",1,"male","0.99",160,"no"
"oleg",6,"male","0.99",86,"no"
"oleh",1,"male",NA,NA,"yes"
"oleksii",1,"male","1",1,"no"
"oliver",24,"male","1",801,"no"
"olivia",2,"female","0.99",943,"no"
"olivier",5,"male","0.99",715,"no"
"omar",4,"male","1",1471,"no"
"omer",1,"male","0.97",768,"no"
"opeoluwa",1,"female",NA,NA,"yes"
"orlando",1,"male","0.99",364,"no"
"osama",1,"male","0.99",169,"no"
"oscar",9,"male","0.99",1650,"no"
"oskar",2,"male","1",104,"no"
"osman",3,"male","0.98",653,"no"
"oswaldo",3,"male","1",126,"no"
"ott",2,"female","0.67",3,"no"
"ottar",2,"male","1",2,"no"
"otto",1,"male","1",92,"no"
"ozgur",5,"male","0.96",257,"no"
"paal",2,"male","1",1,"no"
"paavo",1,"male","1",5,"no"
"pablo",15,"male","1",1653,"no"
"pal",1,"male","0.95",41,"no"
"panagiotis",2,"male","1",109,"no"
"panos",1,"male","0.98",65,"no"
"pantelis",1,"male","1",19,"no"
"paola",1,"female","0.98",1453,"no"
"paolo",14,"male","0.99",781,"no"
"paramita",2,"female","1",6,"no"
"pascal",4,"male","0.99",506,"no"
"pashupati",1,"male","1",2,"no"
"pat",4,"female","0.6",1242,"no"
"patchanok",2,"male",NA,NA,"yes"
"patrice",1,"male","0.65",245,"no"
"patrick",32,"male","1",2877,"no"
"pau",1,"female","0.65",208,"no"
"paul",74,"male","1",5931,"no"
"paula",1,"female","0.99",2298,"no"
"paulino",4,"male","1",42,"no"
"paulo",5,"male","1",454,"no"
"pavel",13,"male","0.99",217,"no"
"pawel",2,"male","0.98",60,"no"
"pedro",13,"male","0.99",1631,"no"
"pei",5,"female","0.9",58,"no"
"peifeng",1,"female","1",1,"no"
"peng",3,"male","0.93",44,"no"
"pengsheng",1,"male","0.8",NA,"yes"
"pengyi",2,"male","0.8",NA,"yes"
"pepijn",1,"male","1",1,"no"
"per",1,"male","0.98",248,"no"
"pete",1,"male","1",667,"no"
"peter",70,"male","1",4373,"no"
"petr",7,"male","1",172,"no"
"petter",2,"male","1",134,"no"
"ph",1,"male","0.78",9,"no"
"phil",9,"male","0.99",1012,"no"
"philip",14,"male","1",1097,"no"
"philipp",7,"male","1",205,"no"
"philippe",21,"male","0.99",605,"no"
"phill",1,"male","0.98",59,"no"
"pi",2,"male","0.74",23,"no"
"piergiorgio",1,"male","1",14,"no"
"pierre",13,"male","0.99",852,"no"
"pierrick",5,"male","1",43,"no"
"piers",3,"male","0.96",78,"no"
"pieter",6,"male","1",162,"no"
"pingping",1,"female","1",3,"no"
"piotr",3,"male","1",176,"no"
"po",2,"male","0.82",49,"no"
"prabhanjan",3,"male",NA,NA,"yes"
"pragneshkumar",1,"male",NA,NA,"yes"
"prakash",1,"male","1",76,"no"
"przemys",1,"male",NA,NA,"yes"
"przemyslaw",6,"male","1",2,"no"
"qi",1,"male","0.6",30,"no"
"qiang",3,"male","1",7,"no"
"qianlan",1,"female","0.6",NA,"yes"
"qianxing",2,"male","0.8",NA,"yes"
"qiao",1,"female","0.67",3,"no"
"qin",2,"female","0.84",38,"no"
"qingan",1,"male","0.6",NA,"yes"
"qinghan",1,"male","0.8",NA,"yes"
"qingyuan",2,"male","0.8",NA,"yes"
"qingzhao",2,"male","0.8",NA,"yes"
"qiong",1,"male","1",1,"no"
"quanli",2,"male","0.8",NA,"yes"
"quentin",3,"male","0.99",258,"no"
"quinn",1,"male","0.75",71,"no"
"qunhua",1,"male","0.8",NA,"yes"
"ra",1,"male","0.65",46,"no"
"raad",1,"male","1",13,"no"
"rachel",2,"female","1",4021,"no"
"rachid",1,"male","0.99",193,"no"
"rafael",8,"male","1",1245,"no"
"rafal",2,"male","0.98",49,"no"
"rahul",3,"male","1",397,"no"
"raivo",3,"male","1",3,"no"
"rajarshi",5,"male","1",5,"no"
"rajen",1,"male","1",2,"no"
"rajendra",1,"male","1",46,"no"
"rajeswaran",1,"male","1",1,"no"
"raji",1,"female","0.69",39,"no"
"ralph",3,"male","1",323,"no"
"raluca",1,"female","1",40,"no"
"ram",1,"male","0.99",163,"no"
"rama",2,"male","0.61",62,"no"
"ramon",3,"male","1",555,"no"
"rampal",4,"male",NA,NA,"yes"
"ran",1,"male","0.73",63,"no"
"randall",5,"male","0.99",176,"no"
"randy",2,"male","0.98",1013,"no"
"raoul",1,"male","1",70,"no"
"raphael",4,"male","1",430,"no"
"raquel",1,"female","1",878,"no"
"rasmus",2,"male","0.99",171,"no"
"raul",1,"male","1",1038,"no"
"ravi",9,"male","0.98",356,"no"
"ray",2,"male","0.98",975,"no"
"raydonal",1,NA,NA,NA,"yes"
"raymond",2,"male","1",770,"no"
"raziur",1,"male",NA,NA,"yes"
"rebecca",3,"female","1",3188,"no"
"recai",1,"male","1",17,"no"
"reda",1,"male","0.77",120,"no"
"regis",2,"male","0.98",87,"no"
"reid",1,"male","1",80,"no"
"reinder",1,"male","1",1,"no"
"reinhard",5,"male","1",22,"no"
"remi",2,"male","0.93",180,"no"
"remko",5,"male","1",4,"no"
"ren",1,"male",NA,NA,"yes"
"renata",1,"female","0.99",342,"no"
"renato",1,"male","1",329,"no"
"renaud",8,"male","0.98",59,"no"
"rene",3,"male","0.85",640,"no"
"renee",1,"female","1",873,"no"
"rense",2,"male","1",1,"no"
"reto",1,"male","1",29,"no"
"riadh",1,"male","1",14,"no"
"ricardo",7,"male","1",1916,"no"
"rich",8,"male","1",510,"no"
"richard",41,"male","1",4381,"no"
"richie",1,"male","0.99",223,"no"
"rick",2,"male","1",1255,"no"
"rishabh",1,"male","1",31,"no"
"riyan",2,"male","1",18,"no"
"rob",19,"male","0.99",2262,"no"
"robert",34,"male","1",5245,"no"
"roberto",5,"male","1",1956,"no"
"robin",33,"female","0.59",1628,"no"
"rocio",1,"female","1",831,"no"
"rodney",2,"male","1",319,"no"
"rodrigo",3,"male","1",1277,"no"
"roeland",1,"male","1",2,"no"
"roger",25,"male","1",1220,"no"
"rogier",1,"male","1",10,"no"
"rohit",1,"male","1",423,"no"
"roland",7,"male","1",255,"no"
"rolf",5,"male","1",114,"no"
"romain",6,"male","0.99",495,"no"
"roman",6,"male","1",449,"no"
"romin",1,"male","1",1,"no"
"ron",9,"male","0.98",1014,"no"
"ronald",3,"male","1",755,"no"
"ronen",1,"male","1",30,"no"
"ronert",1,"male",NA,NA,"yes"
"ronggui",1,"female","0.6",NA,"yes"
"ronglai",1,"male","0.8",NA,"yes"
"ronja",2,"female","1",19,"no"
"rosaria",2,"female","1",74,"no"
"ross",3,"male","0.95",692,"no"
"rowan",4,"male","0.74",69,"no"
"roy",1,"male","0.99",651,"no"
"royce",1,"male","0.91",33,"no"
"ruben",3,"male","0.99",951,"no"
"rudolf",1,"male","0.97",63,"no"
"rudradev",3,"male",NA,NA,"yes"
"ruey",1,"male",NA,NA,"yes"
"ruggero",1,"male","1",10,"no"
"ruixue",1,"female","0.8",NA,"yes"
"rumen",2,"male","1",14,"no"
"rune",2,"male","1",153,"no"
"ruslan",3,"male","0.96",27,"no"
"russell",6,"male","1",513,"no"
"rutger",1,"male","1",26,"no"
"ruth",2,"female","1",1344,"no"
"ryan",16,"male","0.99",4755,"no"
"ryne",1,"male","0.89",18,"no"
"ryo",2,"male","0.97",29,"no"
"ryota",1,"male","1",2,"no"
"sabine",1,"female","1",337,"no"
"sacha",7,"male","0.64",98,"no"
"sadegh",2,"male","1",1,"no"
"sahar",1,"female","0.95",111,"no"
"sahil",3,"male","1",62,"no"
"sai",1,"male","0.65",89,"no"
"sainath",1,"male","1",2,"no"
"saip",1,"male",NA,NA,"yes"
"sam",5,"male","0.76",3336,"no"
"samantha",2,"female","1",2438,"no"
"samineh",1,"female",NA,NA,"yes"
"samrachana",1,"female",NA,NA,"yes"
"samsiddhi",1,"male",NA,NA,"yes"
"samuel",16,"male","1",1411,"no"
"sandra",2,"female","1",4110,"no"
"sandro",1,"male","1",237,"no"
"sanford",3,"male","1",20,"no"
"sang",2,"male","0.84",55,"no"
"sangkyun",1,"male",NA,NA,"yes"
"sanjay",1,"male","1",212,"no"
"santhosh",1,"male","1",53,"no"
"santiago",2,"male","1",567,"no"
"santtu",1,"male","1",4,"no"
"sanvesh",1,"male",NA,NA,"yes"
"saonli",1,"female",NA,NA,"yes"
"sara",3,"female","0.99",4441,"no"
"sarah",7,"female","1",8371,"no"
"saralees",4,"male",NA,NA,"yes"
"sarra",1,"female","0.92",39,"no"
"sarvesh",1,"male","1",11,"no"
"sascha",1,"female","0.51",158,"no"
"sasha",2,"female","0.88",293,"no"
"sathish",1,"male","1",24,"no"
"satoshi",1,"male","1",13,"no"
"satwik",1,"male","1",1,"no"
"saunak",1,"male","1",1,"no"
"scott",55,"male","1",3450,"no"
"sean",12,"male","1",2515,"no"
"sebastian",23,"male","1",1459,"no"
"sebastien",8,"male","1",801,"no"
"sebnem",1,"female","1",23,"no"
"selcuk",2,"male","0.99",276,"no"
"selva",1,"female","0.59",17,"no"
"selwyn",1,"male","1",43,"no"
"sen",1,"male","0.86",44,"no"
"senay",1,"female","0.97",39,"no"
"seong",2,"male","1",3,"no"
"seongho",1,"male",NA,NA,"yes"
"sepand",1,"male","1",2,"no"
"seppo",1,"male","1",11,"no"
"serge",5,"male","1",213,"no"
"sergei",4,"male","0.97",38,"no"
"sergej",2,"male","1",15,"no"
"sergey",2,"male","0.99",117,"no"
"sergio",5,"male","1",1854,"no"
"serguei",3,"male","1",4,"no"
"seth",1,"male","1",373,"no"
"seung",2,"male","0.89",19,"no"
"seunggeun",2,"male",NA,NA,"yes"
"seyedmahmood",1,"male",NA,NA,"yes"
"shachar",1,"male","0.83",12,"no"
"shahin",2,"male","0.76",21,"no"
"shai",1,"male","0.67",49,"no"
"shaiful",1,"male","1",7,"no"
"shan",3,"female","0.69",103,"no"
"shane",1,"male","0.91",963,"no"
"shangzhao",1,"male","0.6",NA,"yes"
"shannon",13,"female","0.93",1799,"no"
"shaojie",1,"male","0.8",NA,"yes"
"sharon",1,"female","0.99",2760,"no"
"shaun",2,"male","0.98",709,"no"
"shawn",4,"male","0.9",1059,"no"
"shay",1,"female","0.7",211,"no"
"sheng",1,"male","0.65",20,"no"
"shenghai",1,"male","0.8",NA,"yes"
"shengqiao",2,"male","0.6",NA,"yes"
"shichao",1,"male","0.6",NA,"yes"
"shilin",1,"female","0.8",NA,"yes"
"shingo",1,"male","1",14,"no"
"shinichiro",3,"male","1",2,"no"
"shinjini",1,"female",NA,NA,"yes"
"shiyuan",1,"female","0.6",NA,"yes"
"shruti",2,"female","1",87,"no"
"shu",1,"female","0.77",31,"no"
"shubhodeep",2,"male","1",1,"no"
"shuichi",1,"male","1",6,"no"
"shuvo",2,"male","0.8",5,"no"
"siakoulis",1,"male",NA,NA,"yes"
"siddarta",1,"male",NA,NA,"yes"
"sigal",1,"female","1",22,"no"
"sigurdur",1,"male","1",2,"no"
"silverio",1,"male","1",9,"no"
"silvia",1,"female","1",1766,"no"
"simen",2,"male","1",51,"no"
"simeon",1,"male","1",38,"no"
"simiao",1,"female",NA,NA,"yes"
"simon",43,"male","0.99",2444,"no"
"simone",3,"female","0.55",1086,"no"
"sivasish",1,"male",NA,NA,"yes"
"skye",4,"female","0.9",80,"no"
"slawomir",1,"male","1",14,"no"
"smitha",1,"female","1",34,"no"
"soeren",2,"male","1",4,"no"
"sofia",1,"female","0.99",1201,"no"
"solomon",1,"male","0.99",76,"no"
"somedip",1,"male",NA,NA,"yes"
"somenath",1,"male","1",1,"no"
"song",2,"male","0.64",58,"no"
"soo",3,"female","0.79",34,"no"
"sophie",5,"female","1",1836,"no"
"sora",1,"female","0.86",7,"no"
"souhaib",1,"male","1",2,"no"
"souhil",1,"male",NA,NA,"yes"
"sourav",1,"male","1",37,"no"
"sourish",1,"male",NA,NA,"yes"
"spencer",4,"male","0.99",334,"no"
"srivenkatesh",1,"male",NA,NA,"yes"
"st",3,"male","0.8",20,"no"
"staal",1,"male",NA,NA,"yes"
"stacey",1,"female","0.98",1034,"no"
"stamatis",1,"male","1",15,"no"
"stan",2,"male","0.97",258,"no"
"stanislas",1,"male","1",8,"no"
"stanislaw",1,"male","1",30,"no"
"stanley",2,"male","0.96",221,"no"
"stavroula",1,"female","1",10,"no"
"stef",2,"female","0.61",184,"no"
"stefan",35,"male","1",923,"no"
"stefanie",1,"female","1",466,"no"
"stefano",12,"male","1",732,"no"
"steffen",4,"male","0.98",120,"no"
"sten",1,"male","1",57,"no"
"stephan",6,"male","1",284,"no"
"stephane",4,"male","0.99",792,"no"
"stephanie",4,"female","1",4941,"no"
"stephen",26,"male","1",2608,"no"
"steve",16,"male","1",3965,"no"
"steven",24,"male","1",2600,"no"
"stig",2,"male","1",82,"no"
"stilianos",1,"male",NA,NA,"yes"
"stuart",2,"male","0.99",759,"no"
"subhajit",1,"male","1",3,"no"
"sudarson",1,"male",NA,NA,"yes"
"sudeep",1,"male","0.96",27,"no"
"suhai",1,"male","0.6",NA,"yes"
"sulc",1,"male",NA,NA,"yes"
"suman",1,"male","0.69",110,"no"
"sumathi",2,"female","1",3,"no"
"sunbok",1,"female","0.6",NA,"yes"
"sundar",2,"male","1",5,"no"
"sunghwan",1,"male","1",1,"no"
"sunmee",1,"female",NA,NA,"yes"
"sunny",1,"male","0.6",391,"no"
"sunthud",2,"male",NA,NA,"yes"
"surajit",1,"male","1",4,"no"
"surojit",1,"male","1",2,"no"
"surya",1,"male","0.71",93,"no"
"susan",2,"female","1",3203,"no"
"susana",1,"female","1",729,"no"
"susanne",2,"female","1",558,"no"
"susie",1,"female","1",366,"no"
"susumu",1,"male","1",3,"no"
"sutirtha",1,"male",NA,NA,"yes"
"sven",3,"male","0.97",253,"no"
"swaantje",1,"female",NA,NA,"yes"
"sy",2,"male","0.62",21,"no"
"syed",1,"male","0.99",490,"no"
"sylvain",5,"male","1",316,"no"
"szymon",1,"male","1",31,"no"
"tad",1,"male","1",43,"no"
"taha",2,"male","0.99",101,"no"
"tai",1,"male","0.69",68,"no"
"taiyun",1,"male","1",NA,"yes"
"takaya",2,"female","0.5",2,"no"
"takekatsu",1,"male",NA,NA,"yes"
"takeshi",4,"male","1",20,"no"
"takumi",1,"male","1",5,"no"
"takuya",1,"male","1",12,"no"
"tal",4,"female","0.59",145,"no"
"talita",1,"female","0.96",26,"no"
"tambet",1,"male",NA,NA,"yes"
"tammo",2,"male","0.67",3,"no"
"tanja",2,"female","0.99",365,"no"
"tanya",1,"female","1",960,"no"
"tao",4,"male","0.7",27,"no"
"tarak",1,"male","1",7,"no"
"tarik",2,"male","1",146,"no"
"tarmo",2,"male","1",21,"no"
"tarn",3,"female","0.93",15,"no"
"taryn",1,"female","0.99",116,"no"
"tasos",2,"male","1",40,"no"
"tatjana",1,"female","0.99",82,"no"
"tatsiana",1,"female","1",5,"no"
"tatyana",1,"female","1",78,"no"
"taylor",5,"female","0.63",1126,"no"
"teemu",2,"male","1",64,"no"
"tengfei",3,"male","1",NA,"yes"
"teodor",1,"male","1",9,"no"
"teppei",1,"male",NA,NA,"yes"
"teresa",2,"female","1",1631,"no"
"terrance",2,"male","1",72,"no"
"terry",5,"male","0.78",1429,"no"
"thalles",1,"male","1",2,"no"
"thanh",1,"female","0.63",64,"no"
"theo",1,"male","0.97",219,"no"
"thiago",2,"male","1",171,"no"
"thibault",5,"male","0.96",100,"no"
"thibaut",6,"male","0.99",98,"no"
"thierry",5,"male","0.99",310,"no"
"thijs",3,"male","1",11,"no"
"thilo",1,"male","1",11,"no"
"thomas",86,"male","1",3753,"no"
"thong",1,"male","0.67",3,"no"
"thoralf",2,"male",NA,NA,"yes"
"thorn",2,"male","0.67",3,"no"
"thorsten",2,"male","1",32,"no"
"thuc",1,"male","0.96",49,"no"
"thuy",1,"female","0.94",64,"no"
"tiago",1,"male","1",231,"no"
"tianqing",1,"male","0.6",NA,"yes"
"tianwei",1,"male","1",1,"no"
"tianxi",1,"male","0.6",NA,"yes"
"tibor",1,"male","0.97",33,"no"
"tien",1,"female","0.57",23,"no"
"till",1,"male","0.92",25,"no"
"tilman",1,"male","1",4,"no"
"tim",13,"male","0.99",2949,"no"
"timo",1,"male","1",140,"no"
"timothee",4,"male","0.96",28,"no"
"timothy",12,"male","1",809,"no"
"tin",1,"male","0.61",80,"no"
"ting",2,"female","0.75",77,"no"
"tingni",1,"female","0.6",NA,"yes"
"tingyu",1,"male","1",1,"no"
"tinniam",1,"male",NA,NA,"yes"
"tino",1,"male","1",97,"no"
"titus",1,"male","0.96",45,"no"
"tobias",24,"male","1",352,"no"
"toby",4,"male","0.88",312,"no"
"tofigh",1,"male",NA,NA,"yes"
"tom",15,"male","1",3736,"no"
"tomas",6,"male","0.99",848,"no"
"tomasz",2,"male","1",122,"no"
"tomaz",1,"male","0.96",27,"no"
"tomislav",2,"male","1",66,"no"
"tommi",2,"male","0.96",56,"no"
"tommy",1,"male","0.99",979,"no"
"tomoaki",2,"male","1",2,"no"
"tomokazu",1,"male",NA,NA,"yes"
"tong",5,"male","0.67",46,"no"
"toni",1,"female","0.63",992,"no"
"tony",7,"male","1",3071,"no"
"torben",4,"male","1",63,"no"
"tore",2,"male","0.97",34,"no"
"torsten",19,"male","1",93,"no"
"tracy",1,"female","0.95",1709,"no"
"travis",3,"male","1",985,"no"
"trent",3,"male","1",237,"no"
"trevor",14,"male","1",758,"no"
"triad",1,"male",NA,NA,"yes"
"tridivesh",2,"male",NA,NA,"yes"
"tristan",1,"male","0.95",331,"no"
"trung",1,"male","0.97",31,"no"
"tsung",2,"male","1",3,"no"
"tszkin",2,"male",NA,NA,"yes"
"tudor",1,"male","0.93",14,"no"
"tung",1,"male","0.57",61,"no"
"tuo",4,"male",NA,NA,"yes"
"tuomas",3,"male","1",32,"no"
"tyler",11,"male","0.98",1497,"no"
"tzu",1,"male",NA,NA,"yes"
"udaya",2,"male","0.57",7,"no"
"uku",1,"male",NA,NA,"yes"
"ulrich",5,"male","1",40,"no"
"ulrike",7,"female","1",65,"no"
"umesh",1,"male","1",43,"no"
"usue",1,"female","1",1,"no"
"utkarsh",1,"male","1",10,"no"
"uwe",12,"male","1",47,"no"
"vaclav",1,"male","1",33,"no"
"vadim",1,"male","1",58,"no"
"vahid",3,"male","1",43,"no"
"vaidotas",1,"male","1",1,"no"
"valentin",7,"male","1",299,"no"
"valeria",1,"female","1",789,"no"
"valerie",1,"female","1",1380,"no"
"vanderlei",2,"male","1",4,"no"
"vanesa",1,"female","1",235,"no"
"varun",1,"male","1",129,"no"
"vasilis",1,"male","1",72,"no"
"vasyl",1,"male",NA,NA,"yes"
"vehbi",2,"male","1",7,"no"
"venkatraman",2,"male","1",3,"no"
"veronica",3,"female","1",1970,"no"
"vicky",1,"female","0.96",1240,"no"
"victor",6,"male","1",2244,"no"
"victoria",1,"female","1",1879,"no"
"vidar",1,"male","1",39,"no"
"vijay",3,"male","0.98",319,"no"
"vik",1,"male","0.61",28,"no"
"vikram",1,"male","1",176,"no"
"viktoria",1,"female","0.98",153,"no"
"vince",1,"male","0.99",301,"no"
"vincent",13,"male","1",1424,"no"
"vinh",1,"male","1",32,"no"
"vinzenz",2,"male",NA,NA,"yes"
"vipavee",1,"female",NA,NA,"yes"
"virasakdi",1,"male","0.6",NA,"yes"
"virgilio",5,"male","1",27,"no"
"virginie",1,"female","1",437,"no"
"vishrut",3,"male",NA,NA,"yes"
"vitalie",1,"male","1",5,"no"
"vitaly",1,"male","1",23,"no"
"vito",4,"male","0.99",149,"no"
"vittorio",2,"male","1",96,"no"
"vladimir",1,"male","1",299,"no"
"vladislav",1,"male","1",27,"no"
"volkmar",2,"male","1",3,"no"
"volodymyr",1,"male","1",3,"no"
"vonn",1,"male","1",3,"no"
"vyacheslav",2,"male","1",4,"no"
"vygantas",2,"male","1",1,"no"
"wacek",1,"male",NA,NA,"yes"
"wai",1,"male","0.77",78,"no"
"walerian",1,"male",NA,NA,"yes"
"walton",1,"male","1",2,"no"
"wannes",2,"male","1",4,"no"
"washington",2,"male","1",21,"no"
"wassim",2,"male","1",48,"no"
"wayne",2,"male","1",1014,"no"
"wei",19,"female","0.54",203,"no"
"weicheng",1,"male","1",1,"no"
"weihong",1,"male","0.6",NA,"yes"
"weihua",2,"male","1",1,"no"
"weiliang",4,"male","0.8",NA,"yes"
"weilong",1,"male","0.8",NA,"yes"
"wen",3,"female","0.77",73,"no"
"wenchao",1,"male","1",1,"no"
"wencke",1,"female","1",2,"no"
"wenjie",1,"male","0.67",3,"no"
"wenliang",1,"male","0.8",NA,"yes"
"wesley",2,"male","1",421,"no"
"westa",1,"female","1",1,"no"
"whit",4,"female","0.5",10,"no"
"will",6,"male","0.99",1169,"no"
"willem",3,"male","1",63,"no"
"william",17,"male","1",2626,"no"
"wilson",5,"male","0.99",544,"no"
"wim",3,"male","0.99",96,"no"
"winston",13,"male","0.98",128,"no"
"wioletta",1,"female","1",8,"no"
"witold",2,"male","1",7,"no"
"wobbe",1,"male",NA,NA,"yes"
"wolfgang",9,"male","1",95,"no"
"won",1,"male","0.8",5,"no"
"woojoo",1,"male",NA,NA,"yes"
"wouter",2,"male","1",108,"no"
"wush",2,"male",NA,NA,"yes"
"xavier",3,"male","0.99",686,"no"
"xi",6,"male","0.71",17,"no"
"xia",5,"female","0.98",46,"no"
"xiang",3,"male","0.62",13,"no"
"xiangdong",2,"male","0.8",NA,"yes"
"xiangwei",1,"male","0.8",NA,"yes"
"xianhong",2,"female","0.6",NA,"yes"
"xianlong",1,"male","0.8",NA,"yes"
"xianyan",1,"male","0.8",NA,"yes"
"xianyun",1,"male","0.8",NA,"yes"
"xiao",8,"female","0.74",102,"no"
"xiaobei",3,"female","1",1,"no"
"xiaodong",2,"male","1",1,"no"
"xiaojie",1,"female","1",2,"no"
"xiaolin",3,"female","1",1,"no"
"xiaoquan",1,"female","0.6",NA,"yes"
"xiaotian",1,"male","0.6",NA,"yes"
"xiaotong",1,"female","0.6",NA,"yes"
"xiaowei",2,"male","0.75",4,"no"
"xiaoyao",1,"female","1",1,"no"
"xiaoyong",3,"male","0.8",NA,"yes"
"xiaoyue",3,"male","1",1,"no"
"xiaoyun",1,"male","0.67",3,"no"
"xichen",1,"male","0.6",NA,"yes"
"xie",1,"male","0.67",3,"no"
"xihui",1,"female","0.6",NA,"yes"
"xikun",1,"male","0.8",NA,"yes"
"xin",5,"female","0.63",35,"no"
"xingbin",1,"male","0.8",NA,"yes"
"xingguo",3,"male","0.8",NA,"yes"
"xinrui",2,"female","1",2,"no"
"xinyu",1,"male","1",1,"no"
"xiongzhi",1,"male","0.6",NA,"yes"
"xiuquan",1,"female","0.6",NA,"yes"
"xiyue",4,"female","0.6",NA,"yes"
"xuan",1,"female","0.59",29,"no"
"xuefei",1,"female","0.6",NA,"yes"
"xuefeng",1,"male","0.8",NA,"yes"
"xuehui",1,"male","0.8",NA,"yes"
"xuejun",1,"male","0.8",NA,"yes"
"xuetong",1,"female","0.6",NA,"yes"
"xutao",2,"male","0.8",NA,"yes"
"xuwen",1,"male","0.8",NA,"yes"
"yachen",2,"female","0.8",NA,"yes"
"yael",2,"female","0.91",139,"no"
"yafeng",1,"male","0.8",NA,"yes"
"yan",1,"male","0.51",203,"no"
"yanchun",1,"male","0.6",NA,"yes"
"yanfei",1,"female","1",1,"no"
"yang",11,"male","0.65",93,"no"
"yanhong",1,"female","1",1,"no"
"yanjun",1,"female","0.5",2,"no"
"yanming",2,"male","0.8",NA,"yes"
"yann",6,"male","0.98",167,"no"
"yanwei",1,"male","0.8",NA,"yes"
"yaohui",2,"female","0.6",NA,"yes"
"yaomin",1,"female","0.6",NA,"yes"
"yaqing",2,"female","1",17,"no"
"yarong",1,"female","0.6",NA,"yes"
"yaru",1,"female","1",2,"no"
"yasser",3,"male","1",192,"no"
"yasuyuki",1,"male","1",3,"no"
"yi",19,"female","0.56",68,"no"
"yichao",1,"male","0.8",NA,"yes"
"yichen",1,"female","0.67",3,"no"
"yicheng",1,"male","1",1,"no"
"yichi",1,"male","1",1,"no"
"yifan",3,"female","0.5",6,"no"
"yihui",14,"male","1",NA,"yes"
"yili",3,"female","1",2,"no"
"yimen",1,"male","0.6",NA,"yes"
"ying",8,"female","0.9",78,"no"
"yingbo",2,"male","0.8",NA,"yes"
"yinglei",1,"female","0.6",NA,"yes"
"yingsong",1,"male","0.6",NA,"yes"
"yingyun",1,"female","0.6",NA,"yes"
"yining",2,"male","0.6",NA,"yes"
"yiqiang",1,"male","0.8",NA,"yes"
"yiqun",1,"male","0.8",NA,"yes"
"yiran",1,"male","1",1,"no"
"yiwen",2,"female","0.8",5,"no"
"yixin",1,"male","1",1,"no"
"yixuan",8,"female","0.6",NA,"yes"
"yiyun",1,"male","1",1,"no"
"yohan",11,"male","0.97",73,"no"
"yohei",3,"male",NA,NA,"yes"
"yolanda",2,"female",NA,NA,"yes"
"yoli",3,"female",NA,NA,"yes"
"yong",4,"male","0.59",66,"no"
"yongshuai",1,"male","0.8",NA,"yes"
"yongwu",1,"male","0.8",NA,"yes"
"yoni",1,"male","0.92",61,"no"
"yoshikazu",2,"male","1",3,"no"
"yoshinobu",1,"male","1",1,"no"
"youhua",3,"male","0.6",NA,"yes"
"youyi",7,"female","1",1,"no"
"yu",8,"female","0.53",110,"no"
"yuan",2,"female","0.71",69,"no"
"yuanchao",1,"male","0.6",NA,"yes"
"yuanchu",1,"male","0.6",NA,"yes"
"yuanming",1,"male","0.6",NA,"yes"
"yubin",1,"female","0.6",NA,"yes"
"yuchao",1,"male","0.6",NA,"yes"
"yuchen",1,"female","1",6,"no"
"yue",5,"female","0.59",56,"no"
"yuichiro",1,"male",NA,NA,"yes"
"yujing",1,"female","1",2,"no"
"yuki",2,"female","0.76",154,"no"
"yukun",1,"male","0.6",NA,"yes"
"yulei",2,"male","0.6",NA,"yes"
"yumi",3,"female","0.98",60,"no"
"yun",1,"female","0.77",48,"no"
"yunro",2,"male",NA,NA,"yes"
"yunting",1,"female","0.6",NA,"yes"
"yupeng",1,"male","0.8",NA,"yes"
"yurii",1,"female","1",2,"no"
"yuriy",1,"male","1",15,"no"
"yusuke",2,"male","1",28,"no"
"yuval",1,"male","0.78",49,"no"
"yuwen",1,"female","1",1,"no"
"yuzhuo",2,"male","0.8",NA,"yes"
"yves",9,"male","0.98",265,"no"
"yvonnick",2,"male","1",1,"no"
"zach",1,"male","0.99",673,"no"
"zachary",5,"male","1",426,"no"
"zack",3,"male","0.98",290,"no"
"zaghdoudi",8,"male",NA,NA,"yes"
"zardad",1,"male",NA,NA,"yes"
"zdravko",1,"male","1",13,"no"
"zeb",1,"male","0.81",16,"no"
"zeda",1,"female","1",1,"no"
"zehang",4,"male","0.8",NA,"yes"
"zeng",1,"male","0.71",7,"no"
"zhaoyuan",2,"male","0.6",NA,"yes"
"zhaozhi",2,"male","0.6",NA,"yes"
"zhe",1,"male","0.86",7,"no"
"zheng",2,"male","0.87",30,"no"
"zhengzheng",1,"female","1",1,"no"
"zhenyu",1,"male","1",5,"no"
"zhi",1,"male","0.73",26,"no"
"zhian",3,"male","1",1,"no"
"zhigen",1,"male","0.6",NA,"yes"
"zhijie",1,"female","0.6",NA,"yes"
"zhilong",1,"male","0.8",NA,"yes"
"zhiqiang",2,"male","1",2,"no"
"zhiqiu",2,"male","0.6",NA,"yes"
"zhisu",1,"male","0.6",NA,"yes"
"zhixuan",1,"male","1",1,"no"
"zhiyong",5,"male","1",9,"no"
"zhiyuan",1,"male","1",2,"no"
"zhong",2,"male","0.75",4,"no"
"zhongfa",1,"male","0.6",NA,"yes"
"zhou",2,"male","0.86",22,"no"
"zhu",5,"male","0.67",6,"no"
"zhushan",1,"female","0.6",NA,"yes"
"zihuai",2,"male","0.6",NA,"yes"
"ziqian",1,"male","1",2,"no"
"zishan",1,"male","1",2,"no"
"zizhuo",1,"male","0.6",NA,"yes"
"zoltan",1,"male","1",39,"no"
"zongfu",1,"male","0.6",NA,"yes"
"zongshan",1,"female","0.6",NA,"yes"
"zuguang",4,"male","0.8",NA,"yes"
"zygmunt",1,"male","1",3,"no"
"man",NA,"male","0.7",152,"no"
"zhicheng",12,"male","1",2,NA
"aur√©lie",8,"female","0.99",586,NA
"bhaskar",8,"male","1",20,NA
"rawan",8,"female","0.98",85,NA
"bruce",7,"male","1",800,NA
"collin",7,"male","1",125,NA
"lampros",7,"male","1",2,NA
"s√∏ren",7,"male","1",148,NA
"timoth√©e",7,"male","1",5,NA
"i√±aki",6,"male","1",61,NA
"jalal",6,"male","0.98",48,NA
"kota",6,"female","0.8",5,NA
"ma√´lle",6,"female","1",2,NA
"nery",6,"female","0.7",40,NA
"yalin",6,"male","0.67",3,NA
"ernest",5,"male","0.99",147,NA
"fran√ßois",5,"male","0.99",371,NA
"neeraj",5,"male","0.97",106,NA
"rory",5,"male","0.94",226,NA
"tianhao",5,"male","1",1,NA
"arno≈°t",4,"male","1",2,NA
"brodie",4,"male","0.81",42,NA
"chenguang",4,"male","1",2,NA
"fredrik",4,"male","1",416,NA
"koji",4,"male","0.9",10,NA
"maya",4,"female","0.97",427,NA
"min",4,"female","0.8",127,NA
"riccardo",4,"male","1",288,NA
"st√©phane",4,"male","0.99",571,NA
"achmad",3,"male","1",54,NA
"anh",3,"female","0.54",84,NA
"aravind",3,"male","1",29,NA
"bikram",3,"male","1",9,NA
"bryon",3,"male","1",24,NA
"clara",3,"female","1",645,NA
"dario",3,"male","1",448,NA
"eliot",3,"male","0.96",25,NA
"ezequiel",3,"male","1",190,NA
"gillian",3,"female","0.99",440,NA
"haeran",3,"female","1",1,NA
"jiaxing",3,"female","1",1,NA
"jona",3,"female","0.55",69,NA
"jonathon",3,"male","1",145,NA
"josu",3,"male","1",32,NA
"khalid",3,"male","0.99",391,NA
"ks",3,"male","1",17,NA
"liying",3,"female","1",1,NA
"marjolein",3,"female","1",34,NA
"metin",3,"male","1",383,NA
"mitchell",3,"male","0.99",345,NA
"raghvendra",3,"male","1",2,NA
"rezgar",3,"male","1",1,NA
"sahir",3,"male","0.83",6,NA
"samarendra",3,"male","1",1,NA
"steph",3,"female","0.98",394,NA
"tamal",3,"male","1",3,NA
"wagner",3,"male","0.98",51,NA
"wajid",3,"male","1",10,NA
"xinwei",3,"female","0.5",2,NA
"xu",3,"male","0.67",54,NA
"yao",3,"male","0.83",54,NA
"zeynel",3,"male","1",28,NA
"aarti",2,"female","1",51,NA
"abhirup",2,"male","1",1,NA
"adriaan",2,"male","1",27,NA
"alexia",2,"female","1",226,NA
"alicia",2,"female","0.99",1563,NA
"ansari",2,"male","1",1,NA
"ansgar",2,"male","1",3,NA
"arden",2,"female","0.58",19,NA
"ariel",2,"male","0.66",556,NA
"artemis",2,"female","0.67",15,NA
"arturo",2,"male","1",515,NA
"ashwin",2,"male","1",142,NA
"avi",2,"male","0.77",103,NA
"bj√∂rn",2,"male","1",194,NA
"botond",2,"male","1",1,NA
"caio",2,"male","1",48,NA
"caroline",2,"female","1",2457,NA
"chapman",2,"male","1",10,NA
"clemens",2,"male","1",20,NA
"cord",2,"male","1",2,NA
"danny",2,"male","0.95",1633,NA
"dawei",2,"male","1",2,NA
"deisy",2,"female","1",63,NA
"diag",2,"male","1",1,NA
"dror",2,"male","1",28,NA
"eisuke",2,"female","0.5",2,NA
"en",2,"male","0.55",22,NA
"erick",2,"male","1",470,NA
"evgeni",2,"male","1",7,NA
"ewan",2,"male","1",51,NA
"ewen",2,"male","1",16,NA
"flavio",2,"male","0.99",159,NA
"frans",2,"male","0.96",70,NA
"gertjan",2,"male","1",3,NA
"gian",2,"male","0.99",133,NA
"g√∂ran",2,"male","1",96,NA
"guo",2,"male","0.88",8,NA
"hitoshi",2,"male","1",5,NA
"hristo",2,"male","1",16,NA
"huw",2,"male","1",8,NA
"indrajit",2,"male","1",4,NA
"isabel",2,"female","1",1094,NA
"italo",2,"male","1",47,NA
"jacques",2,"male","0.99",280,NA
"jasmine",2,"female","0.99",714,NA
"jia",2,"female","0.53",45,NA
"josmar",2,"male","0.93",14,NA
"juli√°n",2,"male","1",1,NA
"juri",2,"male","0.8",15,NA
"kaiyin",2,"female","1",1,NA
"keven",2,"male","0.95",56,NA
"lala",2,"female","0.96",107,NA
"landon",2,"male","0.98",96,NA
"malte",2,"male","1",21,NA
"masashi",2,"male","1",2,NA
"massimo",2,"male","1",492,NA
"maxwell",2,"male","0.99",77,NA
"micah",2,"male","0.81",166,NA
"micha√´l",2,"male","1",66,NA
"miles",2,"male","0.98",174,NA
"minli",2,"female","1",1,NA
"naoto",2,"male","1",3,NA
"nelson",2,"male","0.99",609,NA
"nico",2,"male","0.98",523,NA
"norton",2,"male","1",6,NA
"olga",2,"female","1",898,NA
"√∏yvind",2,"male","1",56,NA
"pariya",2,"female","1",1,NA
"partha",2,"male","1",18,NA
"patricia",2,"female","1",3488,NA
"pier",2,"male","0.95",41,NA
"prabhakar",2,"male","1",22,NA
"pratik",2,"male","1",60,NA
"preston",2,"male","0.99",136,NA
"rainer",2,"male","0.99",84,NA
"ritika",2,"female","1",66,NA
"robrecht",2,"male","1",2,NA
"roel",2,"male","1",53,NA
"rok",2,"male","1",25,NA
"rounak",2,"male","1",1,NA
"sander",2,"male","1",139,NA
"shinya",2,"male","1",10,NA
"shwetank",2,"male","1",2,NA
"siddharth",2,"male","1",115,NA
"sillas",2,"male","1",1,NA
"sonia",2,"female","1",1550,NA
"svetlana",2,"female","1",196,NA
"theodor",2,"male","1",15,NA
"thore",2,"male","1",8,NA
"toshiaki",2,"male","1",2,NA
"vitor",2,"male","1",106,NA
"volker",2,"male","1",31,NA
"vp",2,"male","1",4,NA
"wenping",2,"female","1",1,NA
"yiqing",2,"female","0.5",2,NA
"yuri",2,"female","0.52",197,NA
"ab",1,"male","0.87",46,NA
"abirami",1,"female","0.75",4,NA
"abraham",1,"male","1",292,NA
"abu",1,"male","0.97",135,NA
"achal",1,"male","1",2,NA
"adeel",1,"male","1",48,NA
"adela",1,"female","0.99",200,NA
"adetayo",1,"female","1",1,NA
"aditya",1,"male","1",282,NA
"adria",1,"female","0.7",20,NA
"agnese",1,"female","1",33,NA
"agustina",1,"female","0.99",146,NA
"ahmed",1,"male","0.99",2639,NA
"ai",1,"female","0.95",96,NA
"aidan",1,"male","0.98",167,NA
"akhtar",1,"male","1",8,NA
"aki",1,"male","0.63",81,NA
"albertus",1,"male","1",7,NA
"aleeza",1,"female","1",2,NA
"alexej",1,"male","1",5,NA
"alvaro",1,"male","1",671,NA
"amani",1,"female","0.95",60,NA
"amos",1,"male","1",84,NA
"amr",1,"male","0.99",312,NA
"antti",1,"male","1",111,NA
"apostolos",1,"male","1",18,NA
"ardo",1,"female","1",1,NA
"aritra",1,"male","1",3,NA
"arlindo",1,"male","1",6,NA
"arnab",1,"male","1",32,NA
"arunkumar",1,"male","1",16,NA
"ashkan",1,"male","1",30,NA
"ashraf",1,"male","0.92",217,NA
"attila",1,"male","1",55,NA
"aurele",1,"male","1",1,NA
"avery",1,"female","0.55",60,NA
"basel",1,"male","1",22,NA
"beibei",1,"female","1",3,NA
"benedito",1,"male","1",3,NA
"benno",1,"male","1",10,NA
"bernardo",1,"male","1",265,NA
"bernie",1,"male","0.75",134,NA
"bilge",1,"female","0.85",26,NA
"bj√∏rn",1,"male","0.99",113,NA
"bodo",1,"male","0.83",6,NA
"bohdan",1,"male","1",7,NA
"bonne",1,"female","1",1,NA
"bowen",1,"male","0.94",16,NA
"bram",1,"male","1",88,NA
"brisa",1,"female","1",19,NA
"brittany",1,"female","0.99",1512,NA
"bruna",1,"female","1",166,NA
"bu",1,"female","0.85",72,NA
"burak",1,"male","0.99",519,NA
"byron",1,"male","1",209,NA
"cai",1,"female","0.76",54,NA
"calvin",1,"male","0.99",298,NA
"camrin",1,"male","1",1,NA
"carine",1,"female","1",284,NA
"carlin",1,"male","0.58",12,NA
"casimir",1,"male","1",5,NA
"caspar",1,"male","1",7,NA
"caterina",1,"female","0.99",143,NA
"cathrine",1,"female","1",101,NA
"cathy",1,"female","1",1365,NA
"celso",1,"male","1",36,NA
"chakkrit",1,"male","1",2,NA
"chandler",1,"male","0.7",80,NA
"chee",1,"male","0.56",48,NA
"chelsey",1,"female","1",221,NA
"chhavi",1,"female","1",3,NA
"chirag",1,"male","1",56,NA
"christen",1,"female","0.93",70,NA
"chu",1,"male","0.77",44,NA
"chuan",1,"female","0.64",22,NA
"cong",1,"female","0.5",6,NA
"connie",1,"female","1",1050,NA
"conor",1,"male","0.97",258,NA
"cristiane",1,"female","0.95",85,NA
"dandi",1,"female","0.67",6,NA
"dania",1,"female","0.96",107,NA
"danica",1,"female","0.98",56,NA
"daniell",1,"male","0.92",12,NA
"daphna",1,"female","1",29,NA
"darko",1,"male","1",69,NA
"darshan",1,"male","1",50,NA
"davis",1,"male","0.95",73,NA
"davood",1,"male","1",5,NA
"deepankar",1,"male","1",1,NA
"dejan",1,"male","1",139,NA
"denisson",1,"male","1",1,NA
"dev",1,"male","0.99",72,NA
"dheeraj",1,"male","1",29,NA
"diaa",1,"male","1",8,NA
"diala",1,"female","0.96",27,NA
"diana",1,"female","0.99",2885,NA
"didem",1,"female","1",101,NA
"djalma",1,"male","1",16,NA
"donald",1,"male","1",493,NA
"donghwan",1,"male","1",1,NA
"eamon",1,"male","1",63,NA
"earvin",1,"male","1",4,NA
"edilberto",1,"male","1",19,NA
"eemeli",1,"male","1",3,NA
"eldar",1,"male","1",13,NA
"eleanor",1,"female","1",263,NA
"eli",1,"male","0.52",561,NA
"elias",1,"male","1",372,NA
"elin",1,"female","1",311,NA
"ella",1,"female","0.99",303,NA
"elodie",1,"female","1",542,NA
"eloy",1,"male","1",73,NA
"emeline",1,"female","0.99",78,NA
"emilie",1,"female","0.99",788,NA
"eoghan",1,"male","1",5,NA
"eraldo",1,"male","1",3,NA
"erica",1,"female","1",1281,NA
"ernst",1,"male","1",25,NA
"esam",1,"male","1",21,NA
"evelina",1,"female","1",140,NA
"fanny",1,"female","0.99",593,NA
"farhad",1,"male","1",72,NA
"farnoush",1,"female","1",1,NA
"farouk",1,"male","1",23,NA
"fatma",1,"female","0.99",525,NA
"fred",1,"male","0.98",966,NA
"fr√©d√©ric",1,"male","0.99",440,NA
"friedemann",1,"male","1",2,NA
"friederike",1,"female","1",26,NA
"frits",1,"male","0.86",7,NA
"fu",1,"male","0.59",17,NA
"fulya",1,"female","0.99",85,NA
"gabrielle",1,"female","0.99",347,NA
"ga√´lle",1,"female","1",28,NA
"gamal",1,"male","1",42,NA
"gennaro",1,"male","0.98",61,NA
"gilberto",1,"male","1",201,NA
"gilligan",1,"female","1",1,NA
"gonzalo",1,"male","1",493,NA
"green",1,"male","0.73",26,NA
"greer",1,"female","1",90,NA
"gualberto",1,"male","1",2,NA
"guilherme",1,"male","1",190,NA
"gunjan",1,"female","0.8",20,NA
"gustav",1,"male","0.78",98,NA
"haben",1,"male","1",1,NA
"hadi",1,"male","1",119,NA
"hadrien",1,"male","1",19,NA
"h√•kon",1,"male","1",42,NA
"haley",1,"female","0.99",393,NA
"hande",1,"female","0.98",99,NA
"hang",1,"female","0.62",37,NA
"hansen",1,"male","1",14,NA
"haoran",1,"male","1",1,NA
"hari",1,"male","0.94",101,NA
"harish",1,"male","1",79,NA
"hassen",1,"male","1",21,NA
"haziq",1,"male","1",4,NA
"h√©ctor",1,"male","1",722,NA
"h√©l√®ne",1,"female","0.99",378,NA
"henry",1,"male","1",1067,NA
"herb",1,"male","1",40,NA
"hermann",1,"male","0.97",31,NA
"herv√©",1,"male","1",116,NA
"higor",1,"male","1",9,NA
"hinz",1,"male","1",1,NA
"homero",1,"male","1",26,NA
"hongliang",1,"female","0.5",2,NA
"hongtao",1,"male","1",1,NA
"hongyu",1,"male","1",1,NA
"hoon",1,"male","0.88",8,NA
"housen",1,"male","1",1,NA
"hsiang",1,"female","0.5",2,NA
"hu",1,"male","0.76",46,NA
"humbert",1,"female","0.5",2,NA
"hyebin",1,"female","1",1,NA
"ibtihel",1,"female","1",2,NA
"ilan",1,"male","0.97",34,NA
"ilana",1,"female","1",43,NA
"imam",1,"male","1",61,NA
"ines",1,"female","1",153,NA
"inga",1,"female","0.99",106,NA
"inho",1,"male","1",3,NA
"ioana",1,"female","1",62,NA
"ioanna",1,"female","1",64,NA
"irantzu",1,"female","1",6,NA
"isobel",1,"female","0.99",71,NA
"itai",1,"male","1",26,NA
"jade",1,"female","0.96",760,NA
"jang",1,"female","0.75",12,NA
"janhavi",1,"female","1",4,NA
"jannes",1,"male","1",3,NA
"j√°nos",1,"male","1",8,NA
"javad",1,"male","1",14,NA
"jenni",1,"female","1",327,NA
"jeremiah",1,"male","1",195,NA
"jernej",1,"male","1",20,NA
"jerzy",1,"male","0.92",12,NA
"jiang",1,"male","0.71",14,NA
"jiaqi",1,"female","1",1,NA
"jiaying",1,"female","1",3,NA
"jiayue",1,"female","1",1,NA
"jingyu",1,"female","1",1,NA
"jo√´l",1,"male","1",4,NA
"joelle",1,"female","1",110,NA
"joey",1,"male","0.8",865,NA
"jonatan",1,"male","1",219,NA
"joni",1,"female","0.51",192,NA
"joona",1,"male","0.9",10,NA
"jos√©",1,"male","0.98",1274,NA
"josie",1,"female","1",251,NA
"josymar",1,"male","1",1,NA
"judith",1,"female","1",750,NA
"juhyun",1,"male","0.67",3,NA
"jung",1,"female","0.81",83,NA
"junghoon",1,"male","1",1,NA
"jyothi",1,"female","0.9",20,NA
"kade",1,"male","1",23,NA
"kameron",1,"male","0.78",63,NA
"kasey",1,"female","0.79",172,NA
"kashish",1,"female","0.67",3,NA
"kasia",1,"female","1",145,NA
"katrin",1,"female","1",193,NA
"kaylea",1,"female","1",10,NA
"kayoko",1,"female","1",13,NA
"kee",1,"male","0.64",11,NA
"kelsey",1,"female","0.97",803,NA
"kenton",1,"male","1",18,NA
"kerstin",1,"female","1",151,NA
"khanh",1,"female","0.81",32,NA
"kimman",1,"male","1",2,NA
"kipp",1,"male","1",11,NA
"km",1,"male","0.89",19,NA
"konstantinos",1,"male","1",87,NA
"krishanu",1,"male","1",1,NA
"krishna",1,"male","0.71",194,NA
"kristoffer",1,"male","1",141,NA
"kristopher",1,"male","1",47,NA
"kristy",1,"female","1",611,NA
"kuan",1,"female","0.55",20,NA
"kumaran",1,"male","1",6,NA
"kunyu",1,"male","1",1,NA
"kush",1,"male","1",16,NA
"kushal",1,"male","0.96",24,NA
"lachlan",1,"male","1",60,NA
"lan",1,"female","0.78",50,NA
"larisa",1,"female","1",42,NA
"laure",1,"female","0.99",175,NA
"laval",1,"female","1",1,NA
"lea",1,"female","0.96",307,NA
"leland",1,"male","0.95",19,NA
"lena",1,"female","0.99",592,NA
"lenka",1,"female","1",196,NA
"leonard",1,"male","1",201,NA
"lerato",1,"female","0.89",28,NA
"leyla",1,"female","0.97",183,NA
"lian",1,"female","0.76",54,NA
"lida",1,"female","1",91,NA
"lili",1,"female","0.99",246,NA
"lily",1,"female","0.99",553,NA
"loan",1,"female","0.84",38,NA
"lorenz",1,"male","1",20,NA
"loris",1,"male","1",37,NA
"luc",1,"male","0.97",258,NA
"lucy",1,"female","0.97",1403,NA
"ƒæudmila",1,"female","1",5,NA
"ludovic",1,"male","1",187,NA
"ludovik",1,"male","1",1,NA
"ludvig",1,"male","1",16,NA
"lulu",1,"female","0.96",275,NA
"luo",1,"female","0.63",8,NA
"lynn",1,"female","0.96",1144,NA
"ma",1,"female","0.62",251,NA
"maciel",1,"male","0.6",5,NA
"magali",1,"female","0.99",311,NA
"magda",1,"female","0.97",334,NA
"mahdi",1,"male","0.99",120,NA
"mahito",1,"male","1",1,NA
"maialen",1,"female","1",7,NA
"mali",1,"female","0.79",47,NA
"manbir",1,"male","1",3,NA
"manos",1,"male","0.97",35,NA
"marcela",1,"female","0.99",844,NA
"marcio",1,"male","0.99",110,NA
"maren",1,"female","0.99",94,NA
"margot",1,"female","0.99",150,NA
"mar√≠a",1,"female","1",13,NA
"maribel",1,"female","1",402,NA
"marton",1,"male","1",4,NA
"masaki",1,"male","1",12,NA
"masao",1,"male","1",2,NA
"mathijs",1,"male","1",3,NA
"mats",1,"male","1",104,NA
"matti",1,"male","0.97",98,NA
"maud",1,"female","1",97,NA
"mehdi",1,"male","0.99",329,NA
"mehrab",1,"male","1",2,NA
"meinolf",1,"male","1",1,NA
"micha≈Ç",1,"male","1",82,NA
"milana",1,"female","1",22,NA
"milos",1,"male","1",129,NA
"mingkai",1,"male","1",1,NA
"minji",1,"female","1",5,NA
"minoo",1,"female","1",11,NA
"minsuk",1,"male","1",1,NA
"mira",1,"female","0.98",202,NA
"mireille",1,"female","1",123,NA
"modesto",1,"male","1",8,NA
"mohsin",1,"male","1",57,NA
"mollie",1,"female","1",98,NA
"m√≥nica",1,"female","1",27,NA
"muammer",1,"male","1",44,NA
"murat",1,"male","1",1531,NA
"nadir",1,"male","0.92",61,NA
"nancy",1,"female","1",2716,NA
"nanne",1,"male","1",2,NA
"navdeep",1,"male","0.85",13,NA
"nazrul",1,"male","1",4,NA
"neda",1,"female","0.98",41,NA
"neha",1,"female","1",268,NA
"nello",1,"male","1",27,NA
"ni",1,"female","0.61",95,NA
"nic",1,"male","0.65",241,NA
"nicolae",1,"male","1",6,NA
"niharika",1,"female","1",10,NA
"nikolas",1,"male","1",74,NA
"nima",1,"male","0.58",57,NA
"niraj",1,"male","1",72,NA
"nl",1,"male","1",1,NA
"noam",1,"male","0.8",41,NA
"noelia",1,"female","1",307,NA
"nuno",1,"male","1",198,NA
"nunzio",1,"male","1",21,NA
"ogan",1,"male","1",1,NA
"olena",1,"female","1",14,NA
"olli",1,"male","0.97",35,NA
"onno",1,"male","1",7,NA
"onur",1,"male","0.98",442,NA
"owen",1,"male","0.99",240,NA
"oyvind",1,"male","1",2,NA
"ozan",1,"male","1",163,NA
"pamela",1,"female","1",1468,NA
"pavlo",1,"male","1",2,NA
"payton",1,"female","0.62",21,NA
"pengcheng",1,"male","1",3,NA
"pengfei",1,"male","1",3,NA
"perry",1,"male","0.94",154,NA
"petar",1,"male","0.99",80,NA
"petras",1,"male","1",1,NA
"phillip",1,"male","1",463,NA
"pietro",1,"male","1",202,NA
"ping",1,"female","0.54",41,NA
"polina",1,"female","1",35,NA
"poppy",1,"female","0.89",44,NA
"prasad",1,"male","1",72,NA
"qian",1,"female","0.75",8,NA
"quinten",1,"male","1",10,NA
"radford",1,"male","1",1,NA
"rados≈Çaw",1,"male","1",6,NA
"rahim",1,"male","1",37,NA
"rami",1,"male","0.98",286,NA
"ramin",1,"male","1",32,NA
"ramnath",1,"male","1",1,NA
"ram√≥n",1,"male","1",248,NA
"ranjit",1,"male","0.83",42,NA
"rapha√´l",1,"male","1",184,NA
"rasheed",1,"male","1",42,NA
"r√©mi",1,"male","0.98",142,NA
"rianne",1,"female","1",37,NA
"ridho",1,"male","1",16,NA
"rikard",1,"male","1",35,NA
"rimjhim",1,"female","1",2,NA
"rj",1,"male","0.83",108,NA
"rod",1,"male","1",191,NA
"rodolfo",1,"male","1",304,NA
"rong",1,"female","0.92",26,NA
"rui",1,"male","0.86",149,NA
"ruizhe",1,"male","1",1,NA
"saeid",1,"male","1",18,NA
"safiye",1,"female","0.91",22,NA
"sagie",1,"male","1",1,NA
"said",1,"male","0.99",211,NA
"sakis",1,"male","1",30,NA
"salim",1,"male","0.97",125,NA
"salvatore",1,"male","1",409,NA
"sandeep",1,"male","0.89",272,NA
"sandip",1,"male","1",28,NA
"sandipan",1,"male","1",3,NA
"sandor",1,"male","1",19,NA
"sandrine",1,"female","1",447,NA
"santos",1,"male","0.95",59,NA
"saptarshi",1,"male","1",5,NA
"sat",1,"male","0.75",4,NA
"satish",1,"male","0.96",112,NA
"saturnino",1,"male","1",3,NA
"saurav",1,"male","1",10,NA
"savi",1,"female","0.96",27,NA
"servet",1,"male","0.89",54,NA
"seunghyun",1,"male","0.75",4,NA
"shahla",1,"female","1",6,NA
"shantanu",1,"male","1",51,NA
"shi",1,"male","0.72",58,NA
"shuo",1,"male","1",6,NA
"silas",1,"male","0.98",54,NA
"simeng",1,"female","1",1,NA
"sinan",1,"male","0.99",295,NA
"sjoerd",1,"male","1",24,NA
"sneha",1,"female","1",68,NA
"solveig",1,"female","1",65,NA
"s√∂ren",1,"male","0.92",13,NA
"soyeon",1,"female","1",5,NA
"spyros",1,"male","1",27,NA
"srikanth",1,"male","1",60,NA
"srinath",1,"male","1",10,NA
"stanislav",1,"male","0.97",64,NA
"su",1,"female","0.85",140,NA
"subhasree",1,"female","1",1,NA
"subramanyam",1,"male","1",2,NA
"suleiman",1,"male","1",14,NA
"sulthan",1,"male","1",1,NA
"sungpil",1,"male","1",3,NA
"suraj",1,"male","0.99",107,NA
"takahiro",1,"male","1",10,NA
"takayuki",1,"male","1",14,NA
"tarek",1,"male","1",214,NA
"ted",1,"male","1",376,NA
"telford",1,"male","1",1,NA
"telmo",1,"male","1",12,NA
"terrence",1,"male","1",160,NA
"thimo",1,"male","1",2,NA
"thuan",1,"male","0.8",20,NA
"timur",1,"male","1",55,NA
"tom√°≈°",1,"male","1",169,NA
"tran",1,"male","0.58",91,NA
"troy",1,"male","1",588,NA
"tyson",1,"male","0.93",134,NA
"ullrich",1,"male","1",1,NA
"ursula",1,"female","1",169,NA
"utz",1,"male","1",2,NA
"vanya",1,"female","0.92",24,NA
"ved",1,"male","1",5,NA
"veronika",1,"female","1",286,NA
"vicente",1,"male","1",267,NA
"viktoriya",1,"female","1",20,NA
"vilhelm",1,"male","0.92",12,NA
"viliam",1,"male","1",8,NA
"ville",1,"male","0.9",111,NA
"vineetha",1,"female","1",16,NA
"vishakh",1,"male","1",1,NA
"waleed",1,"male","1",186,NA
"weiping",1,"female","1",1,NA
"wenjia",1,"female","1",2,NA
"wenjing",1,"female","1",5,NA
"wentao",1,"male","1",1,NA
"wenyu",1,"female","1",3,NA
"wessel",1,"male","1",11,NA
"wilbert",1,"male","1",63,NA
"wodan",1,"male","1",1,NA
"woo",1,"male","0.65",17,NA
"xiaorui",1,"female","1",1,NA
"xiaoyan",1,"female","1",3,NA
"xiaoying",1,"female","1",4,NA
"xiaoyu",1,"female","0.63",8,NA
"xue",1,"female","0.91",22,NA
"yafei",1,"male","1",1,NA
"yamini",1,"female","0.95",20,NA
"yangfan",1,"male","1",1,NA
"yasutaka",1,"male","1",1,NA
"ye",1,"female","0.58",43,NA
"yewei",1,"male","1",1,NA
"yinan",1,"female","1",2,NA
"yiying",1,"female","1",1,NA
"yohann",1,"male","1",58,NA
"you",1,"male","0.6",10,NA
"yuchun",1,"female","1",1,NA
"yuda",1,"male","1",6,NA
"yuh",1,"male","1",1,NA
"yukai",1,"male","1",2,NA
"yuping",1,"male","1",1,NA
"yusuf",1,"male","0.99",592,NA
"yuting",1,"female","1",4,NA
"yuya",1,"female","1",2,NA
"yvonne",1,"female","1",827,NA
"zachariah",1,"male","1",16,NA
"zdenek",1,"male","1",33,NA
"zhao",1,"male","0.78",18,NA
"zhenzhen",1,"female","1",1,NA
"zoe",1,"female","1",509,NA
"zofia",1,"female","1",11,NA
