"id","name","terminalName","lastCommWithServer","lat","long","installed","locked","installDate","temporary","public","nbBikes","nbEmptyDocks","latestUpdateTime"
"1","Eads St & 15th St S","31000","1518380848165","38.858971","-77.05323","true","false","0","false","true","3","12","1518341220705"
"2","18th & Eads St.","31001","1518380877176","38.85725","-77.05332","true","false","0","false","true","6","5","1518353156745"
"3","20th & Crystal Dr","31002","1518380896349","38.856425","-77.049232","true","false","0","false","true","12","4","1518374498573"
"4","15th & Crystal Dr","31003","1518380879842","38.86017","-77.049593","true","false","0","false","true","4","7","1518377201730"
"5","Aurora Hills Community Ctr/18th & Hayes St","31004","1518380879981","38.857866","-77.05949","true","false","0","false","true","7","4","1518285870166"
"6","Pentagon City Metro / 12th & S Hayes St","31005","1518380805743","38.862303","-77.059936","true","false","0","false","true","13","5","1518376132370"
"7","S Joyce & Army Navy Dr","31006","1518380806182","38.8637","-77.0633","true","false","0","false","true","5","10","1518341183684"
"8","Crystal City Metro / 18th & Bell St","31007","1518380818077","38.85740496261504","-77.05113172531128","true","false","0","false","true","7","12","1518365079059"
"9","12th & Army Navy Dr","31008","1518380884327","38.8629","-77.0528","true","false","0","false","true","4","7","1518357825677"
"10","27th & Crystal Dr","31009","1518380853068","38.848441","-77.051516","true","false","0","false","true","12","6","1518380605871"
"11","S Glebe & Potomac Ave","31010","1518380836669","38.8426","-77.0502","true","false","0","false","true","5","6","1518378204321"
"12","23rd & Crystal Dr","31011","1518380835398","38.8533","-77.0498","true","false","0","false","true","10","7","1518372398399"
"13","26th & S Clark St","31012","1518380921834","38.850688","-77.05152","true","false","0","false","true","4","7","1518257109050"
"14","19th St & Pennsylvania Ave NW","31100","1518380910694","38.9003","-77.0429","true","false","0","false","true","5","10","1518377309834"
"15","14th & V St NW","31101","1518380827683","38.9176","-77.0321","true","false","0","false","true","23","3","1518380112449"
"16","11th & Kenyon St NW","31102","1518380882253","38.929464","-77.027822","true","false","0","false","true","10","17","1518378812897"
"17","16th & Harvard St NW","31103","1518380877496","38.926088","-77.036536","true","false","0","false","true","11","22","1518380161869"
"18","Adams Mill & Columbia Rd NW","31104","1518380853922","38.922925","-77.042581","true","false","0","false","true","10","4","1518380019830"
"19","14th & Harvard St NW","31105","1518380879683","38.9268","-77.0322","true","false","0","false","true","7","12","1518380639494"
"20","Calvert & Biltmore St NW","31106","1518380840611","38.923203","-77.047637","true","false","0","false","true","8","15","1518373867076"
"21","Lamont & Mt Pleasant NW","31107","1518380911843","38.9319","-77.0388","true","false","0","false","true","11","8","1518380194037"
"22","4th & M St SW","31108","1518380837661","38.8767","-77.0178","true","false","0","false","true","11","12","1518380477636"
"23","15th & P St NW","31201","1518380872809","38.90985","-77.034438","true","false","0","false","true","14","4","1518380692500"
"24","14th & R St NW","31202","1518380856585","38.91293854609145","-77.03208535909653","true","false","0","false","true","12","7","1518380855528"
"25","14th & Rhode Island Ave NW","31203","1518380819625","38.9086","-77.0323","true","false","0","false","true","10","13","1518380819256"
"26","20th & E St NW","31204","1518380831845","38.8963","-77.045","true","false","0","false","true","9","6","1518373150001"
"27","21st & I St NW","31205","1518380858386","38.9008","-77.047","true","false","0","false","true","11","24","1518378830705"
"28","Georgia & New Hampshire Ave NW","31400","1518380831461","38.936043","-77.024649","true","false","0","false","true","6","9","1518380710900"
"29","14th St & Spring Rd NW","31401","1518380922767","38.9375","-77.0328","true","false","0","false","true","8","10","1518380325074"
"30","John McCormack Dr & Michigan Ave NE","31502","1518380905243","38.9346","-76.9955","true","false","0","false","true","8","3","1518374651863"
"31","5th & K St NW","31600","1518380824398","38.90304","-77.019027","true","false","0","false","true","7","12","1518380462806"
"32","19th & East Capitol St SE","31601","1518380828107","38.8896","-76.9769","true","false","0","false","true","8","6","1518378314972"
"33","Park Rd & Holmead Pl NW","31602","1518380914841","38.9308","-77.0315","true","false","0","false","true","0","19","1518378057694"
"34","Good Hope & Naylor Rd SE","31700","1518380883814","38.8601","-76.9672","true","false","0","false","true","5","6","1518351260482"
"35","Connecticut Ave & Newark St NW / Cleveland Park","31305","1518380922840","38.934267","-77.057979","true","false","0","false","true","8","3","1518380227130"
"36","Randle Circle & Minnesota Ave SE","31702","1518380869527","38.878","-76.9607","true","false","0","false","true","7","4","1518340359057"
"37","Minnesota Ave Metro/DOES","31703","1518380882598","38.897063","-76.947446","true","false","0","false","true","11","4","1518377232091"
"38","Nannie Helen Burroughs & Minnesota Ave NE","31704","1518380862007","38.901385","-76.941877","true","false","0","false","true","6","5","1518342764341"
"39","Anacostia Metro","31801","1518380909413","38.862669","-76.994637","true","false","0","false","true","5","6","1518362798954"
"40","Good Hope Rd & MLK Ave SE","31802","1518380858348","38.867373","-76.988039","true","false","0","false","true","4","5","1518339647411"
"41","19th & E Street NW","31206","1518380831558","38.8952","-77.0436","true","false","0","false","true","7","4","1518374806727"
"42","4th & W St NE","31500","1518380869146","38.919077","-77.000648","true","false","0","false","true","8","7","1518379883777"
"43","10th & U St NW","31111","1518380851095","38.9172","-77.0259","true","false","0","false","true","14","1","1518379591922"
"44","Georgia Ave and Fairmont St NW","31207","1518380850130","38.9249","-77.0222","true","false","0","false","true","6","5","1518379486930"
"45","1st & N St  SE","31209","1518380835308","38.8743","-77.0057","true","false","0","false","true","9","30","1518380594678"
"46","20th St & Florida Ave NW","31110","1518380891143","38.9154","-77.0446","true","false","0","false","true","1","14","1518380666163"
"47","7th & T St NW","31109","1518380910668","38.9155","-77.0222","true","false","0","false","true","14","1","1518379925942"
"48","Eads & 22nd St S","31013","1518380844559","38.85438051517749","-77.05341160297394","true","false","0","false","true","5","10","1518321438661"
"49","M St & New Jersey Ave SE","31208","1518380843685","38.8763","-77.0037","true","false","0","false","true","13","4","1518379846705"
"51","Massachusetts Ave & Dupont Circle NW","31200","1518380899492","38.9101","-77.0444","true","false","0","false","true","19","25","1518380753440"
"52","1st & M St NE","31603","1518380865990","38.9057","-77.0056","true","false","0","false","true","10","4","1518378481545"
"53","21st & M St NW","31212","1518380840450","38.90534","-77.046774","true","false","0","false","true","12","6","1518380599493"
"54","17th & K St NW","31213","1518380881887","38.90276","-77.03863","true","false","0","false","true","4","19","1518379323131"
"55","3rd & H St NW","31604","1518380862041","38.899408","-77.015289","true","false","0","false","true","9","5","1518380620993"
"56","3rd & D St SE","31605","1518380908424","38.8851","-77.0023","true","false","0","false","true","3","8","1518380549469"
"57","Potomac & Pennsylvania Ave SE","31606","1518380832042","38.8803","-76.9862","true","false","0","false","true","7","8","1518379902292"
"58","14th & D St SE","31607","1518380834575","38.884","-76.9861","true","false","0","false","true","5","10","1518378241003"
"59","17th & Corcoran St NW","31214","1518380817299","38.9121","-77.0387","true","false","0","false","true","12","7","1518380737816"
"60","Van Ness Metro / UDC","31300","1518380832820","38.944551","-77.063896","true","false","0","false","true","10","5","1518379400737"
"61","Florida Ave & R St NW","31503","1518380826329","38.9126","-77.0135","true","false","0","false","true","5","10","1518380467400"
"62","8th & Eye St SE / Barracks Row","31608","1518380845946","38.8792","-76.9953","true","false","0","false","true","2","9","1518373295219"
"63","Ward Circle / American University","31301","1518380827065","38.938736","-77.087171","true","false","0","false","true","3","12","1518380586645"
"64","Wisconsin Ave & Newark St NW","31302","1518380885182","38.934881","-77.072755","true","false","0","false","true","7","12","1518378357424"
"65","14th St Heights / 14th & Crittenden St NW","31402","1518380916245","38.947774","-77.032818","true","false","0","false","true","5","5","1518378641403"
"66","Anacostia Library","31804","1518380891468","38.865784","-76.9784","true","false","0","false","true","9","2","1518358092299"
"67","Pennsylvania & Minnesota Ave SE","31805","1518380813048","38.873057","-76.971015","true","false","0","false","true","9","2","1518376019390"
"68","Eastern Market / 7th & North Carolina Ave SE","31610","1518380875544","38.886952","-76.996806","true","false","0","false","true","6","9","1518380755492"
"69","14th St & New York Ave NW","31216","1518380816857","38.899632","-77.031686","true","false","0","false","true","7","16","1518373590264"
"70","Benning Branch Library","31705","1518380893944","38.894","-76.947974","true","false","0","false","true","8","3","1518360626895"
"71","USDA / 12th & Independence Ave SW","31217","1518380881302","38.887237","-77.028226","true","false","0","false","true","8","31","1518375434787"
"72","Georgetown Harbor / 30th St NW","31215","1518380805444","38.9022212","-77.059219","true","false","0","false","true","8","11","1518377365290"
"73","12th & Newton St NE","31501","1518380846435","38.933668","-76.991016","true","false","0","false","true","5","6","1518320981905"
"74","US Dept of State / Virginia Ave & 21st St NW","31220","1518380920509","38.894919","-77.046587","true","false","0","false","true","4","11","1518380552293"
"75","L'Enfant Plaza / 7th & C St SW","31218","1518380825185","38.886266","-77.022241","true","false","0","false","true","6","9","1518379743474"
"76","10th St & Constitution Ave NW","31219","1518380820967","38.893028","-77.026013","true","false","0","false","true","16","15","1518376909821"
"77","Kennedy Center","31211","1518380854142","38.897293","-77.05557","true","false","0","false","true","9","9","1518380732557"
"78","Eastern Market Metro / Pennsylvania Ave & 7th St SE","31613","1518380809042","38.884","-76.995397","true","false","0","false","true","14","5","1518380689331"
"79","18th & M St NW","31221","1518380900155","38.90506687455313","-77.04177886247635","true","false","0","false","true","15","12","1518380661168"
"80","Tenleytown / Wisconsin Ave & Albemarle St NW","31303","1518380900547","38.947607","-77.079382","true","false","0","false","true","6","9","1518379080008"
"81","13th & H St NE","31611","1518380827778","38.900021783466954","-76.98842167854308","true","false","0","false","true","23","4","1518377773434"
"82","5th & F St NW","31620","1518380915882","38.897222","-77.019347","true","false","0","false","true","14","17","1518379960567"
"83","New York Ave & 15th St NW","31222","1518380905495","38.8991","-77.0337","true","false","0","false","true","10","9","1518380545395"
"84","Convention Center / 7th & M St NW","31223","1518380843466","38.905737","-77.02227","true","false","0","false","true","15","7","1518380287881"
"85","Harvard St & Adams Mill Rd NW","31112","1518380871345","38.927872","-77.043358","true","false","0","false","true","14","1","1518378629463"
"86","19th & L St NW","31224","1518380890537","38.903407","-77.043648","true","false","0","false","true","7","8","1518379613644"
"87","C & O Canal & Wisconsin Ave NW","31225","1518380861572","38.90375","-77.06269","true","false","0","false","true","8","15","1518377097610"
"88","Maine Ave & 7th St SW","31609","1518380867072","38.878693599396954","-77.02305436134338","true","false","0","false","true","11","8","1518379314501"
"89","D St & Maryland Ave NE","31612","1518380923260","38.894758","-76.997114","true","false","0","false","true","10","13","1518380802503"
"90","34th St & Wisconsin Ave NW","31226","1518380819836","38.916442","-77.0682","true","false","0","false","true","7","4","1518377279864"
"91","13th St & New York Ave NW","31227","1518380882838","38.900283","-77.029822","true","false","0","false","true","6","17","1518379807408"
"92","8th & H St NW","31228","1518380847055","38.8997","-77.023086","true","false","0","false","true","21","11","1518380843942"
"93","10th & Monroe St NE","31504","1518380844744","38.932514","-76.992889","true","false","0","false","true","5","6","1518342385913"
"94","Eckington Pl & Q St NE","31505","1518380866604","38.910972","-77.00495","true","false","0","false","true","11","12","1518380041718"
"95","6th & H St NE","31615","1518380910666","38.899972","-76.998347","true","false","0","false","true","21","2","1518380312713"
"96","3rd & H St NE","31616","1518380889776","38.900412","-77.001949","true","false","0","false","true","8","11","1518380530350"
"97","Bladensburg Rd & Benning Rd NE","31617","1518380842047","38.900413","-76.982872","true","false","0","false","true","3","12","1518379526743"
"98","4th & East Capitol St NE","31618","1518380855021","38.889955","-77.000349","true","false","0","false","true","2","9","1518379780679"
"99","Lincoln Park / 13th & East Capitol St NE ","31619","1518380844387","38.890461","-76.988355","true","false","0","false","true","11","13","1518380364405"
"100","Branch & Pennsylvania Ave SE","31701","1518380836663","38.8692","-76.9599","true","false","0","false","true","5","5","1518339985530"
"101","13th & D St NE","31622","1518380848964","38.894832","-76.987633","true","false","0","false","true","21","8","1518379869501"
"102","New Hampshire Ave & T St NW","31229","1518380879946","38.91554","-77.03818","true","false","0","false","true","4","19","1518380640183"
"103","Metro Center / 12th & G St NW","31230","1518380874184","38.898364","-77.027869","true","false","0","false","true","23","16","1518380753151"
"104","14th & D St NW / Ronald Reagan Building","31231","1518380813276","38.894514","-77.031617","true","false","0","false","true","11","14","1518379410577"
"105","7th & F St NW / National Portrait Gallery","31232","1518380820023","38.89729557348138","-77.02220141887663","true","false","0","false","true","16","11","1518380267670"
"106","17th & K St NW / Farragut Square","31233","1518380896819","38.902061","-77.038322","true","false","0","false","true","11","24","1518377171568"
"107","20th & O St NW / Dupont South","31234","1518380891129","38.908905","-77.04478","true","false","0","false","true","8","10","1518380057684"
"108","4th & D St NW / Judiciary Square","31621","1518380899723","38.895344","-77.016106","true","false","0","false","true","8","6","1518379338564"
"109","19th St & Constitution Ave NW","31235","1518380883122","38.8923","-77.0436","true","false","0","false","true","8","27","1518379318524"
"110","37th & O St NW / Georgetown University","31236","1518380901915","38.90774","-77.071652","true","false","0","false","true","7","16","1518379830403"
"111","11th & H St NE","31614","1518380904246","38.899983","-76.991383","true","false","0","false","true","8","11","1518379710101"
"112","25th St & Pennsylvania Ave NW","31237","1518380832697","38.903827","-77.053485","true","false","0","false","true","2","13","1518380470132"
"113","Columbus Circle / Union Station","31623","1518380821789","38.89696","-77.00493","true","false","0","false","true","20","34","1518380582775"
"114","North Capitol St & F St NW","31624","1518380882957","38.897446","-77.009888","true","false","0","false","true","8","15","1518375256490"
"115","11th & M St NW","31266","1518380850675","38.905607","-77.027137","true","false","0","false","true","1","17","1518380254300"
"116","36th & Calvert St NW / Glover Park","31304","1518380896211","38.922581","-77.070334","true","false","0","false","true","5","9","1518374776882"
"117","14th & G St NW","31238","1518380904344","38.898069","-77.031823","true","false","0","false","true","14","9","1518380187712"
"118","Potomac Ave & 35th St S","31052","1518380849591","38.844015","-77.050537","true","false","0","false","true","10","13","1518343056886"
"124","Ohio Dr & West Basin Dr SW / MLK & FDR Memorials","31240","1518380853385","38.88412","-77.04657","true","false","0","false","true","4","26","1518380610832"
"125","11th & F St NW","31262","1518380811277","38.897857","-77.026975","true","false","0","false","true","11","4","1518380691271"
"126","23rd & E St NW ","31260","1518380921940","38.896104","-77.049882","true","false","0","false","true","6","13","1518379964564"
"127","Lynn & 19th St North","31014","1518380914584","38.897315","-77.070993","true","false","0","false","true","12","19","1518380912245"
"128","Rosslyn Metro / Wilson Blvd & Ft Myer Dr","31015","1518380832060","38.8946","-77.072305","true","false","0","false","true","4","15","1518375073093"
"129","Clarendon Blvd & Pierce St","31016","1518380910091","38.893438","-77.076389","true","false","0","false","true","7","8","1518380551480"
"130","Wilson Blvd & N Uhle St","31017","1518380897773","38.891696","-77.0846","true","false","0","false","true","5","10","1518372797891"
"131","N Rhodes & 16th St N","31018","1518380869323","38.892164","-77.079375","true","false","0","false","true","9","2","1518343039795"
"132","Fairfax Village","31706","1518380902625","38.86559","-76.952103","true","false","0","false","true","5","10","1518341757705"
"133","21st St & Constitution Ave NW","31261","1518380847644","38.892459","-77.046567","true","false","0","false","true","9","6","1518272793272"
"134","Wilson Blvd & N Edgewood St","31019","1518380868466","38.889","-77.0925","true","false","0","false","true","4","11","1518379217900"
"135","Columbia Rd & Belmont St NW","31113","1518380830933","38.920669","-77.04368","true","false","0","false","true","5","14","1518380472590"
"136","Rhode Island & Connecticut Ave NW","31239","1518380911607","38.905995699991145","-77.03980207443237","true","false","0","false","true","8","15","1518380412500"
"137","Thomas Circle","31241","1518380837947","38.9059","-77.0325","true","false","0","false","true","5","28","1518380833430"
"138","Wilson Blvd & Franklin Rd","31020","1518380922090","38.8904","-77.0889","true","false","0","false","true","6","5","1518376008269"
"139","Clarendon Blvd & N Fillmore St","31021","1518380852065","38.8881","-77.09308","true","false","0","false","true","5","10","1518379777670"
"140","Clarendon Metro / Wilson Blvd & N Highland St","31022","1518380907130","38.88786","-77.094875","true","false","0","false","true","2","15","1518377592447"
"141","18th St & Pennsylvania Ave NW","31242","1518380908321","38.89968","-77.041539","true","false","0","false","true","5","21","1518379279251"
"142","4th & C St SW","31243","1518380875853","38.88637194054526","-77.01770067214966","true","false","0","false","true","18","21","1518378740511"
"143","4th & E St SW","31244","1518380805380","38.88412","-77.017445","true","false","0","false","true","7","12","1518379256322"
"144","3rd & G St SE","31625","1518380917947","38.881185","-77.001828","true","false","0","false","true","7","12","1518379961312"
"145","7th & R St NW / Shaw Library","31245","1518380907077","38.912719","-77.022155","true","false","0","false","true","0","14","1518379708543"
"146","9th & Upshur St NW","31404","1518380904570","38.9418","-77.0251","true","false","0","false","true","9","6","1518378514999"
"147","1st & Rhode Island Ave NW","31506","1518380878736","38.915417","-77.012289","true","false","0","false","true","4","11","1518377253859"
"148","Columbia Rd & Georgia Ave NW","31115","1518380844969","38.92812111132096","-77.0237946510315","true","false","0","false","true","0","18","1518379413176"
"149","California St & Florida Ave NW","31116","1518380859743","38.917761","-77.04062","true","false","0","false","true","10","9","1518380258317"
"150","Benning Rd & East Capitol St NE / Benning Rd Metro","31707","1518380920520","38.889935","-76.93723","true","false","0","false","true","4","15","1518376462221"
"151","3000 Connecticut Ave NW / National Zoo","31307","1518380865575","38.930282","-77.055599","true","false","0","false","true","12","3","1518378838902"
"152","Anacostia Ave & Benning Rd NE / River Terrace ","31708","1518380826370","38.896544","-76.96012","true","false","0","false","true","4","11","1518371893100"
"153","M St & Pennsylvania Ave NW","31246","1518380882160","38.905126","-77.056887","true","false","0","false","true","11","8","1518380519270"
"154","15th St & Massachusetts Ave SE","31626","1518380862731","38.88732","-76.983569","true","false","0","false","true","5","10","1518375201449"
"155","Congress Heights Metro","31806","1518380864375","38.844711","-76.987823","true","false","0","false","true","6","9","1518341457901"
"156","N Quincy St & Glebe Rd","31035","1518380917926","38.876393","-77.107735","true","false","0","false","true","8","3","1518379475915"
"157","Barcroft Community Center","31033","1518380848389","38.85033657788445","-77.1009886264801","true","false","0","false","true","6","5","1518341857490"
"158","N Veitch  & 20th St N","31029","1518380899423","38.896923","-77.086502","true","false","0","false","true","9","6","1518380180321"
"159","10th & K St NW","31263","1518380818289","38.9024","-77.02622","true","false","0","false","true","8","15","1518378568883"
"160","Fairfax Dr & Wilson Blvd","31023","1518380809351","38.885801","-77.097745","true","false","0","false","true","8","1","1518379619113"
"161","Key Blvd & N Quinn St","31027","1518380902579","38.896015","-77.078107","true","false","0","false","true","8","3","1518377194959"
"162","1st & K St SE","31628","1518380815867","38.87861","-77.006004","true","false","0","false","true","1","14","1518380814969"
"163","39th & Calvert St NW / Stoddert","31306","1518380853879","38.922649","-77.077271","true","false","0","false","true","10","9","1518376491943"
"164","1st & Washington Hospital Center NW","31507","1518380898884","38.928743","-77.012457","true","false","0","false","true","3","12","1518375072305"
"165","Virginia Square Metro / N Monroe St & 9th St N","31024","1518380909224","38.882788","-77.103148","true","false","0","false","true","13","6","1518378153443"
"166","Central Library / N Quincy St & 10th St N","31025","1518380922084","38.88397","-77.10783","true","false","0","false","true","8","3","1518380562582"
"167","Washington Blvd & 10th St N","31026","1518380850124","38.884734","-77.093485","true","false","0","false","true","5","10","1518372338253"
"168","Jefferson Dr & 14th St SW","31247","1518380915130","38.888553","-77.032429","true","false","0","false","true","2","21","1518380913983"
"169","Smithsonian-National Mall / Jefferson Dr & 12th St SW","31248","1518380880060","38.888767","-77.02858","true","false","0","false","true","5","30","1518380397341"
"170","George Mason Dr & Wilson Blvd","31036","1518380847790","38.87887","-77.1207","true","false","0","false","true","6","8","1518380487550"
"171","6th St & Indiana Ave NW","31264","1518380882931","38.894573","-77.01994","true","false","0","false","true","12","7","1518380710786"
"172","N Veitch & Key Blvd","31028","1518380863810","38.893241","-77.086045","true","false","0","false","true","5","6","1518380623486"
"173","Lee Hwy & N Adams St","31030","1518380852003","38.89593","-77.089006","true","false","0","false","true","11","8","1518379173280"
"174","15th & N Scott St","31031","1518380885898","38.89054","-77.08095","true","false","0","false","true","4","7","1518379875254"
"175","Washington Blvd & 7th St N","31032","1518380866547","38.880834","-77.091129","true","false","0","false","true","5","6","1518374278203"
"176","Ballston Metro / N Stuart & 9th St N","31037","1518380853768","38.881044","-77.111768","true","false","0","false","true","9","14","1518379075767"
"177","N Randolph St & Fairfax Dr","31034","1518380897446","38.882629","-77.109366","true","false","0","false","true","6","5","1518342706425"
"178","Jefferson Memorial","31249","1518380920642","38.879819","-77.037413","true","false","0","false","true","8","15","1518380146223"
"179","Good Hope Rd & 14th St SE","31803","1518380865743","38.866611","-76.985238","true","false","0","false","true","6","9","1518341752397"
"180","Glebe Rd & 11th St N","31038","1518380815383","38.883921","-77.116817","true","false","0","false","true","8","3","1518372345080"
"181","Wilson Blvd & N Quincy St","31039","1518380854206","38.880012","-77.107854","true","false","0","false","true","5","10","1518378258948"
"182","Fairfax Dr & Kenmore St","31040","1518380875252","38.884616","-77.10108","true","false","0","false","true","1","10","1518380278954"
"183","Gallaudet / 8th St & Florida Ave NE","31508","1518380834973","38.90509","-76.9941","true","false","0","false","true","7","11","1518374826450"
"185","20th & L St NW","31250","1518380885923","38.903584","-77.044789","true","false","0","false","true","8","11","1518380046013"
"186","12th & L St NW","31251","1518380845952","38.903819","-77.0284","true","false","0","false","true","1","18","1518377956274"
"187","21st St & Pennsylvania Ave NW","31252","1518380828683","38.901539","-77.046564","true","false","0","false","true","7","12","1518380225121"
"188","19th & K St NW","31253","1518380819977","38.902204","-77.04337","true","false","0","false","true","10","13","1518367827399"
"189","Prince St & Union St","31041","1518380850235","38.803124","-77.040363","true","false","0","false","true","6","13","1518356781674"
"190","Market Square / King St & Royal St","31042","1518380837780","38.804718","-77.043363","true","false","0","false","true","3","12","1518342144514"
"191","Saint Asaph St & Pendleton  St","31043","1518380850235","38.810743","-77.044664","true","false","0","false","true","10","5","1518342092865"
"192","King St & Patrick St","31044","1518380832548","38.805317","-77.049883","true","false","0","false","true","9","6","1518342127184"
"193","15th & K St NW","31254","1518380891344","38.902","-77.03353","true","false","0","false","true","6","21","1518374412260"
"194","Commerce St & Fayette St","31045","1518380896186","38.805648","-77.05293","true","false","0","false","true","8","6","1518378537384"
"195","Henry St & Pendleton St","31046","1518380912003","38.811456","-77.050276","true","false","0","false","true","5","12","1518364615099"
"196","Braddock Rd Metro","31047","1518380872435","38.814577","-77.052808","true","false","0","false","true","16","12","1518364367082"
"197","King St Metro South","31048","1518380875759","38.805767","-77.06072","true","false","0","false","true","15","8","1518301266409"
"198","24th & N St NW","31255","1518380838251","38.9066","-77.05152","true","false","0","false","true","2","13","1518378689912"
"199","10th & E St NW","31256","1518380894743","38.895914","-77.026064","true","false","0","false","true","5","10","1518380533248"
"200","22nd & I St NW / Foggy Bottom","31257","1518380842646","38.90088","-77.048911","true","false","0","false","true","6","9","1518380223428"
"201","Utah St & 11th St N ","31049","1518380921338","38.883669","-77.113905","true","false","0","false","true","7","4","1518342155065"
"202","Barton St & 10th St N","31050","1518380896947","38.884961","-77.08777","true","false","0","false","true","6","5","1518372157150"
"203","Arlington Blvd & N Queen St","31051","1518380894050","38.889365","-77.077294","true","false","0","false","true","6","5","1518375687106"
"204","Lincoln Memorial","31258","1518380907064","38.888251","-77.049426","true","false","0","false","true","11","13","1518377030846"
"206","20th St & Virginia Ave NW","31259","1518380828286","38.894722","-77.045128","true","false","0","false","true","8","7","1518379787883"
"207","5th St & Massachusetts Ave NW","31265","1518380831837","38.90093","-77.018677","true","false","0","false","true","0","17","1518380346094"
"208","39th & Veazey St NW","31308","1518380877105","38.943837","-77.077078","true","false","0","false","true","0","14","1518379854369"
"209","Fessenden St & Wisconsin Ave NW","31309","1518380826049","38.954812","-77.082426","true","false","0","false","true","8","7","1518377115562"
"210","3rd & M St NE","31627","1518380869095","38.905469714943266","-77.0021304488182","true","false","0","false","true","9","12","1518379912111"
"211","Columbia Pike & S Courthouse Rd","31053","1518380878994","38.863833","-77.080319","true","false","0","false","true","9","6","1518377477725"
"212","Walter Reed Community Center / Walter Reed Dr & 16th St S","31054","1518380873218","38.857803","-77.086733","true","false","0","false","true","6","5","1518342424245"
"213","28th St S & S Meade St","31055","1518380849339","38.846222","-77.069275","true","false","0","false","true","11","3","1518379297989"
"214","18th St & Wyoming Ave NW","31114","1518380806135","38.918809","-77.041571","true","false","0","false","true","14","9","1518380443847"
"215","5th & Kennedy St NW","31403","1518380836536","38.956555547721955","-77.0198142528534","true","false","0","false","true","9","6","1518378221838"
"216","Georgia Ave & Emerson St NW","31405","1518380877272","38.949662","-77.027333","true","false","0","false","true","5","14","1518377814755"
"217","14th & Upshur St NW","31406","1518380923445","38.942016","-77.032652","true","false","0","false","true","10","9","1518336865815"
"218","14th St & Colorado Ave NW","31407","1518380840305","38.956432","-77.032947","true","false","0","false","true","7","12","1518360400769"
"219","S Troy St & 26th St S","31056","1518380886565","38.847977","-77.075104","true","false","0","false","true","6","5","1518370948792"
"220","S Four Mile Run Dr & S Shirlington Rd","31057","1518380914195","38.8444","-77.085931","true","false","0","false","true","5","6","1518377577186"
"221","S Oakland St & Columbia Pike","31058","1518380890845","38.860789","-77.09586","true","false","0","false","true","5","6","1518342707547"
"222","S Four Mile Run & Walter Reed Dr","31059","1518380836083","38.84736","-77.095431","true","false","0","false","true","6","5","1518379645920"
"223","S Arlington Mill Dr & Campbell Ave","31060","1518380824149","38.84232","-77.089555","true","false","0","false","true","7","8","1518342446255"
"224","S Kenmore & 24th St S","31061","1518380850881","38.848454","-77.084918","true","false","0","false","true","5","6","1518256896657"
"225","13th St & Eastern Ave","32006","1518380886285","38.987","-77.029417","true","false","0","false","true","8","7","1518374828127"
"226","Wisconsin Ave & O St NW","31312","1518380878015","38.90849","-77.063586","true","false","0","false","true","9","10","1518380636633"
"227","S George Mason Dr & 13th St S","31062","1518380853424","38.85651100949728","-77.10024833679199","true","false","0","false","true","3","8","1518280967234"
"228","Connecticut & Nebraska Ave NW","31310","1518380913274","38.955016","-77.069956","true","false","0","false","true","5","18","1518380552280"
"229","17th St & Massachusetts Ave NW","31267","1518380868543","38.908142","-77.038359","true","false","0","false","true","11","8","1518380330847"
"230","15th & Euclid St  NW","31117","1518380810586","38.92333","-77.0352","true","false","0","false","true","7","8","1518379374676"
"231","8th & East Capitol St NE","31629","1518380810818","38.889988","-76.995193","true","false","0","false","true","5","6","1518375788635"
"232","New Jersey Ave & R St NW","31509","1518380888486","38.912659","-77.017669","true","false","0","false","true","7","7","1518379573219"
"233","15th & East Capitol St NE","31630","1518380921633","38.889908","-76.983326","true","false","0","false","true","6","5","1518380921300"
"234","8th & F St NE","31631","1518380848787","38.897274","-76.994749","true","false","0","false","true","6","9","1518380371184"
"235","18th St & Rhode Island Ave NE","31510","1518380904324","38.927095","-76.978924","true","false","0","false","true","8","6","1518377040068"
"236","15th & F St NE","31632","1518380830577","38.897195","-76.983575","true","false","0","false","true","10","8","1518376638325"
"237","12th & Irving St NE","31511","1518380837622","38.928644","-76.990955","true","false","0","false","true","9","6","1518281610161"
"239","Alabama & MLK Ave SE","31800","1518380883050","38.84359129699493","-76.99943482875824","true","false","0","false","true","4","7","1518375990376"
"240","Pleasant St & MLK Ave SE","31807","1518380814356","38.863897","-76.990037","true","false","0","false","true","5","6","1518362673376"
"241","Neal St & Trinidad Ave NE","31512","1518380826351","38.903732","-76.987211","true","false","0","false","true","8","6","1518332558340"
"242","12th & U St NW","31268","1518380902803","38.916787","-77.028139","true","false","0","false","true","17","14","1518380895307"
"243","S George Mason Dr & Four Mile Run","31063","1518380882782","38.852248","-77.105022","true","false","0","false","true","3","8","1518342449849"
"244","S Stafford & 34th St S","31064","1518380912053","38.834108","-77.087323","true","false","0","false","true","5","6","1518302838328"
"245","N Pershing Dr & Wayne St","31065","1518380886727","38.880705","-77.08596","true","false","0","false","true","3","8","1518368984167"
"246","Columbia Pike & S Orme St","31066","1518380840151","38.867262","-77.072315","true","false","0","false","true","6","5","1518297398071"
"247","3rd St & Pennsylvania Ave SE","31269","1518380899671","38.887378","-77.001955","true","false","0","false","true","10","5","1518380423024"
"248","8th & D St NW","31270","1518380836467","38.894851","-77.02324","true","false","0","false","true","9","6","1518380479021"
"249","3rd & Elm St NW","31118","1518380866363","38.917622","-77.01597","true","false","0","false","true","9","6","1518380865589"
"250","Rhode Island Ave & V St NE","31513","1518380847120","38.918155","-77.004746","true","false","0","false","true","4","15","1518375796985"
"251","Constitution Ave & 2nd St NW/DOL","31271","1518380844209","38.892275","-77.013917","true","false","0","false","true","12","14","1518374903963"
"252","Washington & Independence Ave SW/HHS","31272","1518380866897","38.886978","-77.013769","true","false","0","false","true","13","18","1518380506436"
"253","Independence Ave & L'Enfant Plaza SW/DOE","31633","1518380804792","38.887312","-77.025762","true","false","0","false","true","5","9","1518380683419"
"254","Hamlin & 7th St NE","31514","1518380836986","38.927497","-76.997194","true","false","0","false","true","4","11","1518369029478"
"255","Columbia Pike & S Walter Reed Dr","31067","1518380902845","38.862478","-77.086599","true","false","0","false","true","3","9","1518343464928"
"256","Columbia Pike & S Dinwiddie St / Arlington Mill Community Center","31068","1518380865444","38.856319","-77.11153","true","false","0","false","true","10","5","1518343420398"
"257","Pershing & N George Mason Dr","31069","1518380816017","38.871822","-77.107906","true","false","0","false","true","3","7","1518377468786"
"258","Fenton St & New York Ave ","32001","1518380910503","38.985404","-77.023082","true","false","0","false","true","4","11","1518343003144"
"259","Bethesda Ave & Arlington Rd","32002","1518380811236","38.981103","-77.097426","true","false","0","false","true","8","11","1518307895159"
"260","Montgomery Ave & Waverly St ","32003","1518380852171","38.983838","-77.09221","true","false","0","false","true","8","3","1518343038987"
"261","Fallsgrove Blvd & Fallsgrove Dr","32004","1518380881121","39.096312","-77.192672","true","false","0","false","true","9","10","1518342678319"
"262","Traville Gateway Dr & Gudelsky Dr","32005","1518380836388","39.093783","-77.202501","true","false","0","false","true","12","7","1518342744054"
"263","Norfolk Ave & Fairmont St","32000","1518380860966","38.988562","-77.096539","true","false","0","false","true","7","4","1518342453973"
"264","E Montgomery Ave & Maryland Ave","32007","1518380880021","39.084125","-77.151291","true","false","0","false","true","6","9","1518342351019"
"265","Cordell & Norfolk Ave","32008","1518380909432","38.98954","-77.098029","true","false","0","false","true","8","3","1518370077623"
"266","Frederick Ave & Horners Ln","32009","1518380842002","39.094772","-77.145213","true","false","0","false","true","4","7","1518342690608"
"267","Philadelphia & Maple Ave","32010","1518380837646","38.98128","-77.011336","true","false","0","false","true","4","11","1518374414229"
"268","Maple & Ritchie Ave","32011","1518380848290","38.983627","-77.006311","true","false","0","false","true","10","9","1518342387441"
"269","Silver Spring Metro/Colesville Rd & Wayne Ave","32012","1518380829583","38.99521","-77.02918","true","false","0","false","true","8","11","1518374809632"
"270","Montgomery & East Ln","32013","1518380889412","38.983525","-77.095367","true","false","0","false","true","8","3","1518376662899"
"271","Friendship Hts Metro/Wisconsin Ave & Wisconsin Cir","32014","1518380919152","38.961763","-77.085998","true","false","0","false","true","5","14","1518342438401"
"272","14th & Belmont St NW","31119","1518380907130","38.921074","-77.031887","true","false","0","false","true","11","3","1518380547801"
"273","3rd & Tingey St SE","31634","1518380874606","38.87501","-77.0024","true","false","0","false","true","17","2","1518380873564"
"274","10th & Florida Ave NW","31120","1518380839519","38.920387","-77.025672","true","false","0","false","true","2","17","1518379014567"
"275","Potomac Ave & 8th St SE","31635","1518380914120","38.876737","-76.994468","true","false","0","false","true","7","8","1518342452636"
"276","Crabbs Branch Way & Redland Rd","32015","1518380823542","39.120045","-77.156985","true","false","0","false","true","11","4","1518342352361"
"277","Fallsgrove Dr & W Montgomery Ave","32016","1518380910087","39.099376","-77.188014","true","false","0","false","true","10","5","1518342455721"
"278","Monroe St & Monroe Pl","32017","1518380836379","39.083673","-77.149162","true","false","0","false","true","9","6","1518342999485"
"279","Needwood Rd & Eagles Head Ct","32018","1518380884762","39.123513","-77.15741","true","false","0","false","true","9","6","1518342737896"
"280","East West Hwy & Blair Mill Rd","32019","1518380807447","38.990249","-77.02935","true","false","0","false","true","2","13","1518374309630"
"281","Crabbs Branch Way & Calhoun Pl","32020","1518380832075","39.107709","-77.152072","true","false","0","false","true","8","7","1518342650909"
"282","47th & Elm St","32021","1518380853212","38.982456","-77.091991","true","false","0","false","true","4","11","1518342733155"
"283","Dennis & Amherst Ave","32022","1518380921593","39.02538719623632","-77.04456299543381","true","false","0","false","true","8","7","1518342672686"
"284","Montgomery College/W Campus Dr & Mannakee St","32023","1518380915183","39.095661","-77.159048","true","false","0","false","true","12","9","1518342682530"
"285","Fenton St & Gist Ave","32024","1518380833503","38.989724","-77.023854","true","false","0","false","true","6","5","1518378626081"
"286","Carroll & Westmoreland Ave","32025","1518380840135","38.975","-77.01121","true","false","0","false","true","6","9","1518357333698"
"287","Carroll & Ethan Allen Ave","32026","1518380860972","38.977933","-77.006472","true","false","0","false","true","9","6","1518356967754"
"288","Battery Ln & Trolley Trail","32027","1518380832987","38.992375","-77.100104","true","false","0","false","true","6","9","1518342975517"
"289","Norfolk & Rugby Ave","32028","1518380907807","38.990639","-77.100239","true","false","0","false","true","3","8","1518342738587"
"290","Offutt Ln & Chevy Chase Dr","32029","1518380829116","38.977093","-77.094589","true","false","0","false","true","8","3","1518371166082"
"291","Broschart & Blackwell Rd","32030","1518380880587","39.102099","-77.200322","true","false","0","false","true","7","8","1518342682326"
"292","Taft St & E Gude Dr","32031","1518380875006","39.094103","-77.132954","true","false","0","false","true","12","3","1518342756889"
"293","Fleet St & Ritchie Pkwy","32032","1518380860855","39.076331","-77.141378","true","false","0","false","true","10","5","1518342725433"
"294","Piccard & W Gude Dr","32033","1518380878893","39.102212","-77.177091","true","false","0","false","true","8","11","1518342658477"
"295","Ripley & Bonifant St","32034","1518380896496","38.992679","-77.029457","true","false","0","false","true","9","6","1518374368562"
"296","Georgia Ave & Spring St","32035","1518380842351","38.999388","-77.031555","true","false","0","false","true","7","4","1518342716326"
"297","Fenton St & Ellsworth Dr ","32036","1518380825604","38.997033","-77.025608","true","false","0","false","true","12","3","1518379988013"
"298","King Farm Blvd & Pleasant Dr","32037","1518380888463","39.114688","-77.171487","true","false","0","false","true","10","8","1518366453405"
"299","King Farm Blvd & Piccard Dr","32038","1518380891622","39.110314","-77.182669","true","false","0","false","true","6","9","1518367389105"
"301","Calvert St & Woodley Pl NW","31121","1518380875881","38.923583","-77.050046","true","false","0","false","true","8","11","1518380516948"
"302","New Jersey Ave & N St NW/Dunbar HS","31636","1518380833164","38.90706","-77.015231","true","false","0","false","true","8","11","1518380225519"
"303","Nannie Helen Burroughs Ave & 49th St NE","31710","1518380917589","38.898536","-76.931862","true","false","0","false","true","8","3","1518342762106"
"304","Deanwood Rec Center","31711","1518380919312","38.908473","-76.933099","true","false","0","false","true","5","10","1518342695015"
"305","Hains Point/Buckeye & Ohio Dr SW","31273","1518380806164","38.878433","-77.03023","true","false","0","false","true","9","8","1518256824324"
"306","Arlington Blvd & Fillmore St","31070","1518380871831","38.873755","-77.089233","true","false","0","false","true","5","6","1518343028917"
"307","Long Bridge Park/Long Bridge Dr & 6th St S","31071","1518380835443","38.86646","-77.04826","true","false","0","false","true","6","5","1518342672571"
"308","Old Georgetown Rd & Southwick St","32039","1518380857920","38.999634","-77.109647","true","false","0","false","true","6","13","1518343027656"
"309","Friendship Blvd & Willard Ave","32040","1518380880755","38.96115","-77.088659","true","false","0","false","true","5","14","1518375669160"
"310","North Capitol St & G Pl NE","31637","1518380812208","38.899703","-77.008911","true","false","0","false","true","6","13","1518362229308"
"311","31st & Woodrow St S","31072","1518380843891","38.837666","-77.09482","true","false","0","false","true","5","6","1518342761039"
"312","Washington Blvd & Walter Reed Dr ","31073","1518380861355","38.873219","-77.082104","true","false","0","false","true","7","8","1518342704737"
"313","TJ Cmty Ctr / 2nd St & S Old Glebe Rd","31074","1518380907228","38.869418","-77.095596","true","false","0","false","true","2","13","1518378646334"
"314","Connecticut Ave & Tilden St NW","31313","1518380909601","38.941154","-77.062036","true","false","0","false","true","5","9","1518370661352"
"315","Medical Center Dr & Key West Ave","32041","1518380872089","39.103091","-77.196442","true","false","0","false","true","6","9","1518342652855"
"316","Shady Grove Hospital","32042","1518380811217","39.097636","-77.196636","true","false","0","false","true","9","10","1518256813608"
"317","Veterans Pl & Pershing Dr ","32043","1518380844726","38.997445","-77.023894","true","false","0","false","true","4","7","1518379887828"
"318","Rockville Metro East","32044","1518380804527","39.085394","-77.145803","true","false","0","false","true","7","6","1518256608232"
"319","1st & H St NW","31638","1518380921130","38.900358","-77.012108","true","false","0","false","true","5","9","1518380324010"
"320","Fort Totten Metro","31515","1518380817728","38.952369","-77.002721","true","false","0","false","true","11","8","1518377630585"
"321","Takoma Metro","31408","1518380851966","38.975219","-77.016855","true","false","0","false","true","8","11","1518379299965"
"322","Rhode Island Ave Metro","31516","1518380837990","38.920682","-76.995876","true","false","0","false","true","11","8","1518377648749"
"323","Rolfe St & 9th St S","31075","1518380876818","38.866471","-77.076131","true","false","0","false","true","3","8","1518282946332"
"324","Shirlington Transit Center / S Quincy & Randolph St","31076","1518380918038","38.839912","-77.087083","true","false","0","false","true","10","5","1518256844186"
"325","Shady Grove Metro West","32045","1518380887158","39.119765","-77.166093","true","false","0","false","true","8","11","1518342707874"
"326","River Rd & Landy Ln","32046","1518380919146","38.964992","-77.103381","true","false","0","false","true","10","9","1518380193789"
"327","Rockville Metro West","32047","1518380880157","39.084379","-77.146866","true","false","0","false","true","6","13","1518256850889"
"328","Bethesda Metro","32048","1518380821007","38.984691","-77.094537","true","false","0","false","true","4","8","1518342661319"
"329","Iwo Jima Memorial/N Meade & 14th St N","31077","1518380871976","38.88992","-77.071301","true","false","0","false","true","10","9","1518378680926"
"330","34th & Water St NW","31314","1518380847825","38.903662690050474","-77.0676684380669","true","false","0","false","true","3","16","1518376730470"
"331","Duke St & John Carlyle St","31081","1518380869832","38.804378","-77.060866","true","false","0","false","true","2","13","1518379913941"
"332","Lee Hwy & N Cleveland St","31079","1518380838126","38.894941","-77.09169","true","false","0","false","true","7","8","1518376723158"
"333","Arlington Blvd & S George Mason Dr/NFATC","31078","1518380813845","38.869442","-77.104503","true","false","0","false","true","6","9","1518311093347"
"334","10th & G St NW","31274","1518380807910","38.89824328774852","-77.02623546123505","true","false","0","false","true","13","10","1518380383853"
"335","Lee Hwy & N Scott St","31080","1518380918219","38.897612","-77.080851","true","false","0","false","true","5","9","1518370451204"
"336","New Hampshire Ave & 24th St NW","31275","1518380870517","38.901755","-77.051084","true","false","0","false","true","6","13","1518380750024"
"337","Eisenhower Ave & Mill Race Ln","31082","1518380827813","38.801111","-77.068952","true","false","0","false","true","5","10","1518374091431"
"338","Potomac Greens Dr & Slaters Ln","31083","1518380815579","38.82175","-77.047494","true","false","0","false","true","5","6","1518359497086"
"339","Ballenger Ave & Dulaney St","31084","1518380816180","38.802677","-77.063562","true","false","0","false","true","8","11","1518304367885"
"340","Mount Vernon Ave & E Nelson Ave","31085","1518380910665","38.820064","-77.057619","true","false","0","false","true","8","3","1518342752376"
"341","Mount Vernon Ave & E Del Ray Ave","31086","1518380865298","38.82595","-77.058541","true","false","0","false","true","8","7","1518342685139"
"342","Monroe Ave & Leslie Ave","31087","1518380897182","38.820932","-77.053096","true","false","0","false","true","7","8","1518379877426"
"343","Mount Vernon Ave & Kennedy St","31088","1518380838476","38.833077","-77.059821","true","false","0","false","true","11","3","1518343056493"
"344","Court House Metro / 15th & N Uhle St ","31089","1518380880529","38.890612","-77.084801","true","false","0","false","true","12","9","1518378629838"
"345","Washington Adventist U / Flower Ave & Division St","32049","1518380859583","38.986743","-77.000035","true","false","0","false","true","10","5","1518342980887"
"346","6th & S Ball St","31090","1518380856511","38.864702","-77.048672","true","false","0","false","true","9","6","1518343045789"
"347","McKinley St & Connecticut Ave NW","31315","1518380806105","38.96497","-77.075946","true","false","0","false","true","12","7","1518342998307"
"348","15th & L St NW","31276","1518380831583","38.90366","-77.034846","true","false","0","false","true","10","13","1518378460371"
"349","17th & G St NW","31277","1518380818208","38.89841","-77.039624","true","false","0","false","true","7","24","1518378072469"
"350","Spring St & Second Ave","32050","1518380911841","38.997653","-77.034499","true","false","0","false","true","7","7","1518380313809"
"351","18th & R St NW","31278","1518380919624","38.912648","-77.041834","true","false","0","false","true","15","4","1518380505929"
"352","S Joyce & 16th St S","31091","1518380869279","38.859254","-77.063275","true","false","0","false","true","5","9","1518374025931"
"353","Union Market/6th St & Neal Pl NE","31517","1518380837145","38.908008","-76.996985","true","false","0","false","true","16","7","1518375539154"
"354","Lee Hwy & N Monroe St","31092","1518380868647","38.896456","-77.104562","true","false","0","false","true","6","9","1518380292172"
"355","21st St N & N Pierce St","31093","1518380861087","38.898984","-77.078317","true","false","0","false","true","4","11","1518342968124"
"356","Lee Hwy & N Kirkwood Rd","31094","1518380915873","38.895377","-77.09713","true","false","0","false","true","7","8","1518368725601"
"357","19th & G St NW","31279","1518380917008","38.898412","-77.043182","true","false","0","false","true","9","14","1518379009114"
"358","2nd St & Seaton Pl NE","31522","1518380923273","38.914751108831155","-77.00356006622314","true","false","0","false","true","11","8","1518379104833"
"359","Wilson Blvd & N Illinois St ","31902","1518380847793","38.876528","-77.12712","true","false","0","false","true","2","13","1518380490345"
"364","Army Navy Dr & S Nash St","31095","1518380871291","38.86215024521491","-77.06812083721161","true","false","0","false","true","5","6","1518341526975"
"365","31st & Water St NW","31293","1518380872124","38.902814","-77.061043","true","false","0","false","true","12","6","1518378579339"
"367","11th & S St NW","31280","1518380811621","38.913761","-77.027025","true","false","0","false","true","3","20","1518380334539"
"368","S Walter Reed Dr & 8th St S","31096","1518380833467","38.86612","-77.08787","true","false","0","false","true","9","6","1518256892968"
"369","2nd & G St NE","31639","1518380892116","38.89967","-77.003666","true","false","0","false","true","16","7","1518377824999"
"370","8th & O St NW","31281","1518380858731","38.90864","-77.02277","true","false","0","false","true","9","10","1518379428979"
"371","Georgia & Missouri Ave NW","31411","1518380826639","38.961339","-77.027855","true","false","0","false","true","8","11","1518373617334"
"373","Oklahoma Ave & D St NE","31712","1518380805407","38.894474","-76.974828","true","false","0","false","true","15","4","1518303655686"
"374","Maryland Ave & E St NE","31640","1518380836015","38.896134","-76.9929","true","false","0","false","true","5","14","1518378121913"
"375","New York Ave & Hecht Ave NE","31518","1518380918967","38.915604","-76.983683","true","false","0","false","true","6","17","1518380791171"
"376","Yuma St & Tenley Circle NW","31316","1518380825748","38.946182","-77.08059","true","false","0","false","true","11","8","1518358076686"
"377","Connecticut Ave & Chevy Chase Lake Dr","32051","1518380844790","38.994113","-77.076986","true","false","0","false","true","7","8","1518342975135"
"378","Key West Ave & Siesta Key Way","32052","1518380817790","39.105295","-77.194774","true","false","0","false","true","6","9","1518343052910"
"379","Lee Hwy & N Woodstock St","31900","1518380903526","38.898301","-77.118009","true","false","0","false","true","9","10","1518343026810"
"380","Saint Asaph & Madison St","31097","1518380850248","38.812718","-77.044097","true","false","0","false","true","12","2","1518380847933"
"381","King St Metro North / Cameron St","31098","1518380879865","38.80704","-77.059817","true","false","0","false","true","11","3","1518342987738"
"382","Madison & N Henry St","31099","1518380805868","38.813485","-77.049468","true","false","0","false","true","4","11","1518342985201"
"383","Medical Center Metro ","32053","1518380859317","38.999378","-77.097882","true","false","0","false","true","11","8","1518256861536"
"384","Washington Blvd & N Frederick St","31901","1518380851867","38.884829","-77.127671","true","false","0","false","true","4","7","1518343055885"
"385","Wisconsin Ave & Ingomar St NW","31317","1518380918568","38.958267","-77.084636","true","false","0","false","true","12","7","1518380917735"
"386","16th & Irving St NW","31122","1518380862748","38.928893","-77.03625","true","false","0","false","true","0","19","1518379906432"
"387","16th & R St NW","31282","1518380844841","38.912652","-77.036278","true","false","0","false","true","16","3","1518380842621"
"388","Lyttonsville Rd & Lyttonsville Pl","32054","1518380920437","38.999679","-77.051168","true","false","0","false","true","9","6","1518364279866"
"389","Woodmont Ave & Strathmore St","32055","1518380826108","38.979875","-77.093522","true","false","0","false","true","7","4","1518378664348"
"390","14th & L St NW","31283","1518380808005","38.903658","-77.031737","true","false","0","false","true","6","13","1518378261046"
"391","1st & O St NW","31519","1518380911324","38.908643","-77.012365","true","false","0","false","true","4","11","1518379233353"
"392","South Capitol & Atlantic St SW","31811","1518380894814","38.831516","-77.008133","true","false","0","false","true","16","3","1518375932782"
"393","18th & C St NW","31284","1518380863603","38.893511","-77.041544","true","false","0","false","true","4","14","1518274041374"
"394","22nd & P ST NW","31285","1518380917939","38.909394","-77.048728","true","false","0","false","true","15","3","1518380439834"
"395","East West Hwy & 16th St","32056","1518380833428","38.995681","-77.038721","true","false","0","false","true","10","9","1518342992479"
"396","Royal & Wilkes St","31903","1518380842189","38.799267","-77.0447","true","false","0","false","true","9","6","1518271896834"
"397","14th & Girard St NW","31123","1518380842264","38.925284","-77.032375","true","false","0","false","true","1","22","1518380719458"
"398","Potomac Ave & Main Line Blvd","31910","1518380897225","38.822738","-77.049265","true","false","0","false","true","11","8","1518342986037"
"399","11th & O St NW","31286","1518380885621","38.90843","-77.02714","true","false","0","false","true","6","13","1518376971462"
"400","10th St & L'Enfant Plaza SW","31287","1518380844950","38.884377","-77.025791","true","false","0","false","true","6","17","1518342970543"
"401","Connecticut Ave & Yuma St NW","31318","1518380881629","38.947156","-77.065115","true","false","0","false","true","12","7","1518364715441"
"402","2nd St & Massachusetts Ave NE","31641","1518380890670","38.894972","-77.003135","true","false","0","false","true","7","16","1518375719634"
"403","Radford & Osage St","31908","1518380858733","38.828437","-77.086031","true","false","0","false","true","12","11","1518261106464"
"404","East Falls Church Metro/Sycamore St & 19th St N","31904","1518380904080","38.884859","-77.155988","true","false","0","false","true","10","9","1518342983079"
"405","Kennebec St & 11th St N","31905","1518380809341","38.880992","-77.135271","true","false","0","false","true","4","11","1518342982416"
"406","Commonwealth Ave & Oak St","31906","1518380808560","38.812711","-77.061715","true","false","0","false","true","10","9","1518343013040"
"407","Commonwealth & E Monroe Ave","31913","1518380846807","38.82005823354218","-77.06282079219818","true","false","0","false","true","4","11","1518342985541"
"408","4th St & Madison Dr NW","31288","1518380887222","38.890493","-77.017253","true","false","0","false","true","23","7","1518380886668"
"409","Henry Bacon Dr & Lincoln Memorial Circle NW","31289","1518380870806","38.890544","-77.049379","true","false","0","false","true","8","11","1518380694118"
"410","17th St & Independence Ave SW","31290","1518380832579","38.888097","-77.038325","true","false","0","false","true","2","17","1518380591840"
"411","Franklin & S Washington St","31907","1518380885621","38.798133","-77.0487","true","false","0","false","true","11","8","1518363121169"
"412","Mount Vernon Ave & Four Mile Run Park","31909","1518380861087","38.843422","-77.064016","true","false","0","false","true","6","9","1518378580807"
"413","New Jersey Ave & L St NW","31642","1518380852198","38.903598","-77.01397","true","false","0","false","true","15","8","1518378157352"
"414","Mount Vernon Ave & Bruce St","31912","1518380854920","38.841291","-77.063093","true","false","0","false","true","7","8","1518342949575"
"415","Lee Center","31914","1518380842548","38.797557","-77.053766","true","false","0","false","true","7","7","1518256565089"
"416","Powhatan St & Bashford Ln","31915","1518380888498","38.818748","-77.047783","true","false","0","false","true","12","3","1518277125791"
"417","Potomac & Swann Ave","31916","1518380805689","38.829545","-77.047844","true","false","0","false","true","12","7","1518378177943"
"418","14th & Irving St NW","31124","1518380890723","38.928552","-77.032224","true","false","0","false","true","9","21","1518380766292"
"419","Vermont Ave & I St NW","31291","1518380899576","38.901136451737045","-77.03445106744766","true","false","0","false","true","12","13","1518380064428"
"420","Wisconsin Ave & Brandywine St NW","31319","1518380814117","38.949813","-77.080217","true","false","0","false","true","14","10","1518376934457"
"421","24th & R St NE / National Arboretum","31520","1518380910108","38.91263","-76.971923","true","false","0","false","true","12","7","1518342997772"
"422","Division Ave & Foote St NE","31713","1518380883693","38.897407","-76.925907","true","false","0","false","true","8","7","1518342963769"
"423","16th & Q St SE / Anacostia HS","31812","1518380868464","38.870695","-76.982359","true","false","0","false","true","17","6","1518342953223"
"424","Spring Hill Metro","32200","1518380884079","38.929261","-77.240654","true","false","0","false","true","9","6","1518374964778"
"425","Westpark Dr & Leesburg Pike","32201","1518380912016","38.92403","-77.235955","true","false","0","false","true","4","7","1518343004294"
"427","Tysons One Pl & Chain Bridge Rd","32203","1518380831147","38.919475","-77.221179","true","false","0","false","true","7","4","1518342958081"
"428","Tysons Corner Station","32204","1518380825446","38.920939","-77.222115","true","false","0","false","true","5","6","1518283344774"
"429","Westpark & Jones Branch Dr","32205","1518380892233","38.924437","-77.217664","true","false","0","false","true","4","7","1518343028875"
"430","Jones Branch & Westbranch Dr","32206","1518380893865","38.931911","-77.219261","true","false","0","false","true","7","6","1518256565771"
"431","Westpark & Park Run Dr","32207","1518380897820","38.928919","-77.225394","true","false","0","false","true","5","6","1518256553924"
"432","Tysons West Transit Center","32208","1518380903534","38.932636","-77.231825","true","false","0","false","true","4","7","1518373683286"
"433","North Shore & Cameron Crescent Dr/Crescent Apartments","32209","1518380866051","38.970046","-77.338686","true","false","0","false","true","5","6","1518342951556"
"434","Town Center Pkwy & Bowman Towne Dr","32210","1518380843482","38.962524","-77.361902","true","false","0","false","true","9","6","1518256809415"
"435","Reston Regional Library","32211","1518380908696","38.962095","-77.358815","true","false","0","false","true","8","7","1518256587981"
"436","New Dominion Pkwy & Fountain Dr","32212","1518380867331","38.960574","-77.356324","true","false","0","false","true","7","8","1518343004717"
"437","Sunset Hills & Old Reston Ave","32213","1518380906833","38.955079","-77.351649","true","false","0","false","true","7","8","1518343000718"
"438","Reston Town Center Transit Station","32214","1518380852540","38.957037","-77.359718","true","false","0","false","true","10","7","1518343060327"
"439","1st & D St SE","31643","1518380920643","38.884916","-77.005965","true","false","0","false","true","6","11","1518377551248"
"440","Reston Station","32215","1518380853505","38.948363","-77.338119","true","false","0","false","true","13","22","1518343057956"
"441","Library St & Freedom Dr","32216","1518380866132","38.959633","-77.358741","true","false","0","false","true","10","9","1518325000692"
"442","Sunset Hills Rd & Discovery Square","32217","1518380884174","38.95534","-77.357611","true","false","0","false","true","8","7","1518256611341"
"443","22nd St & Constitution Ave NW","31292","1518380895948","38.892441","-77.048947","true","false","0","false","true","4","19","1518375718649"
"444","61st St & Banks Pl NE","31714","1518380871312","38.891805","-76.913563","true","false","0","false","true","9","10","1518342989548"
"445","Temporary Rd & Old Reston Ave","32218","1518380854970","38.960084","-77.353414","true","false","0","false","true","9","6","1518343063596"
"446","Reston YMCA","32219","1518380880792","38.955314","-77.368416","true","false","0","false","true","7","8","1518371267697"
"447","Sunset Hills Rd & Isaac Newton Square","32220","1518380879277","38.951443","-77.340377","true","false","0","false","true","6","5","1518324347144"
"448","N Lynn St & Fairfax Dr","31917","1518380910710","38.89386","-77.070862","true","false","0","false","true","5","10","1518378881328"
"449","Georgia Ave & Piney Branch Rd NW","31414","1518380873503","38.967505","-77.027976","true","false","0","false","true","8","7","1518256584840"
"450","Greensboro & International Dr","32221","1518380867655","38.923083","-77.227417","true","false","0","false","true","4","7","1518256840170"
"451","Madison & Fairfax St","31918","1518380828574","38.812351","-77.040691","true","false","0","false","true","7","8","1518342123981"
"452","Sligo Ave & Carroll Ln","32058","1518380921673","38.990874","-77.016311","true","false","0","false","true","4","11","1518374085394"
"453","15th & W St NW","31125","1518380823263","38.919086","-77.034502","true","false","0","false","true","1","18","1518378898353"
"454","12th St & Pennsylvania Ave SE","31644","1518380891057","38.882489","-76.990121","true","false","0","false","true","9","10","1518380768964"
"455","3rd St & Riggs Rd NE","31412","1518380912178","38.957463","-77.002239","true","false","0","false","true","9","6","1518343028596"
"456","Carlin Springs Rd & N Thomas St","31919","1518380861006","38.876695","-77.112982","true","false","0","false","true","6","9","1518376906745"
"457","Towers Crescent Dr & Tysons One Pl","32222","1518380823163","38.915246","-77.220157","true","false","0","false","true","4","7","1518256609520"
"458","6th & K St NE","31645","1518380906709","38.9028773031307","-76.99840486049652","true","false","0","false","true","7","12","1518379830688"
"459","Pooks Hill Rd & Linden Ave","32057","1518380909800","39.014716","-77.107143","true","false","0","false","true","11","4","1518256549708"
"460","Takoma Park Rec Center","32059","1518380922039","38.98265","-76.988311","true","false","0","false","true","11","4","1518343035996"
"461","New Hampshire & Kirklynn Ave","32061","1518380862174","38.988101","-76.988422","true","false","0","false","true","7","8","1518343008826"
"462","Wheaton Metro/Georgia Ave & Reedie Dr","32062","1518380852770","39.038341","-77.051023","true","false","0","false","true","9","10","1518367894600"
"463","Amherst Ave & Elkins St","32063","1518380812762","39.044887","-77.047788","true","false","0","false","true","7","8","1518256547996"
"464","Amherst Ave & Prichard Rd","32064","1518380898486","39.035965","-77.048395","true","false","0","false","true","7","8","1518256893694"
"465","Grandview & Blueridge Ave","32065","1518380836316","39.043272","-77.053085","true","false","0","false","true","7","8","1518256846562"
"466","Windham Ln & Amherst Ave","32066","1518380820558","39.032029","-77.04735","true","false","0","false","true","7","8","1518259691056"
"467","North Shore Dr & Village Rd","32223","1518380872239","38.970412","-77.340787","true","false","0","false","true","6","5","1518278182399"
"468","Town Center Pkwy & Sunset Hills Rd","32224","1518380862616","38.955170598044894","-77.3630940914154","true","false","0","false","true","7","4","1518256550124"
"469","3rd & Underwood St NW","31413","1518380845388","38.968834","-77.016258","true","false","0","false","true","7","12","1518377016160"
"470","18th & Monroe St NE","31521","1518380840705","38.93293","-76.979517","true","false","0","false","true","14","5","1518303107486"
"471","7th & E St SW","31294","1518380860605","38.88345","-77.021741","true","false","0","false","true","12","7","1518368524264"
"472","Shady Grove Metro East","32067","1518380837040","39.121327","-77.164969","true","false","0","false","true","10","9","1518343006971"
"473","Potomac & M St NW","31295","1518380883647","38.905368","-77.065149","true","false","0","false","true","11","8","1518380046400"
"474","Columbia & Ontario Rd NW","31296","1518380846573","38.924088","-77.040787","true","false","0","false","true","3","20","1518379784217"
"475","Washington-Lee High School / N Stafford St & Generals Way","31920","1518380826405","38.888282","-77.111066","true","false","0","false","true","5","10","1518378441561"
"476","Westover Library / Washington Blvd & N McKinley Rd","31921","1518380834037","38.886048","-77.142317","true","false","0","false","true","10","5","1518299130207"
"477","Columbia Pike & S Taylor St","31923","1518380840705","38.858524","-77.103728","true","false","0","false","true","7","8","1518256608323"
"478","Columbus Ave & Tribeca St","32068","1518380863524","39.126","-77.1673","true","false","0","false","true","4","7","1518282880444"
"479","Columbus Ave & Gramercy Blvd","32069","1518380831019","39.12333","-77.16486","true","false","0","false","true","8","3","1518343029910"
"480","Reston Pkwy & Spectrum Dr","32225","1518380869254","38.964207741006206","-77.35428035259247","true","false","0","false","true","5","10","1518256555260"
"481","Key West Ave & Great Seneca Hwy","32070","1518380825204","39.105642","-77.20386","true","false","0","false","true","5","6","1518342997474"
"482","Virginia Ave & 25th St NW","31297","1518380842257","38.8995","-77.054155","true","false","0","false","true","6","13","1518377469548"
"483","15th & M St NW","31298","1518380908703","38.905424","-77.034674","true","false","0","false","true","8","11","1518377473342"
"484","11th & Girard St NW","31126","1518380844232","38.925636","-77.027112","true","false","0","false","true","5","14","1518379778771"
"485","Connecticut Ave & R St NW","31299","1518380882822","38.912644","-77.04564","true","false","0","false","true","10","9","1518380645164"
"486","Wilson Blvd & N Troy St","31924","1518380832432","38.892556","-77.082089","true","false","0","false","true","5","10","1518379005723"
"487","Nebraska Ave/AU East Campus","31320","1518380905814","38.936298","-77.087128","true","false","0","false","true","4","15","1518379720865"
"488","15th St & Constitution Ave NW","31321","1518380906613","38.892244","-77.033234","true","false","0","false","true","11","8","1518380906263"
"489","22nd & H St NW","31127","1518380886582","38.899104","-77.048946","true","false","0","false","true","2","15","1518378160535"
"490","23rd & M St NW","31128","1518380806386","38.905303","-77.050264","true","false","0","false","true","10","9","1518379732209"
"491","Corporate Blvd & Omega Dr","32071","1518380904943","39.106971","-77.192645","true","false","0","false","true","9","6","1518333768342"
"492","Key West Ave & Diamondback Dr","32072","1518380906681","39.106152","-77.202354","true","false","0","false","true","7","4","1518342962639"
"493","Alabama Ave & Stanton Rd SE / Shops at Park Village","31813","1518380889343","38.84627","-76.98185","true","false","0","false","true","9","10","1518277940162"
"494","Mississippi Ave & 19th St SE / THEARC","31814","1518380841215","38.84377","-76.97557","true","false","0","false","true","11","8","1518256899452"
"495","19th & Savannah St SE","31815","1518380886082","38.84623","-76.97703","true","false","0","false","true","7","4","1518256614512"
"496","4th St & Mississippi Ave SE","31816","1518380841856","38.836","-77.0009","true","false","0","false","true","13","6","1518283106126"
"497","1st & S Capitol St SE / Oxon Run Trail","31817","1518380858720","38.824481","-77.005497","true","false","0","false","true","14","5","1518298686323"
"498","Livingston Rd & 3rd St SE","31818","1518380811935","38.82373","-77.00223","true","false","0","false","true","9","6","1518375482744"
"499","Joliet St & MLK Ave SW/Bald Eagle Rec Ctr","31819","1518380853642","38.81909","-77.01033","true","false","0","false","true","9","10","1518342989369"
"500","37th & Ely Pl SE / Fort Dupont Ice Arena","31715","1518380836747","38.883011","-76.949709","true","false","0","false","true","7","8","1518256862517"
"501","15th St & Pennsylvania Ave NW/Pershing Park","31129","1518380847388","38.89635","-77.03338","true","false","0","false","true","13","5","1518379762798"
"505","Maine Ave & 9th St SW","31646","1518380911463","38.88044","-77.025236","true","false","0","false","true","13","2","1518374755698"
"506","Lincoln Rd & Seaton Pl NE/Harry Thomas Rec Center","31523","1518380843932","38.915","-77.0078","true","false","0","false","true","10","9","1518378474280"
"507","Blueridge Ave & Elkins St","32073","1518380858499","39.04313","-77.05006","true","false","0","false","true","8","7","1518256846447"
"508","Georgia Ave & Kennedy St NW","31415","1518380812278","38.95674","-77.02791","true","false","0","false","true","6","13","1518366042425"
"509","7th St & Massachusetts Ave NE","31647","1518380850731","38.89222","-76.99602","true","false","0","false","true","8","11","1518380725378"
"510","Anacostia Park","31820","1518380819598","38.87335","-76.9834","true","false","0","false","true","10","9","1518379747587"
